stringa cercata;thread per blocco;blocchi per SM;ripetizione;dimensione file;throughput
unevenstring;96;1;1;2000;23301688888,89
unevenstring;96;1;2;2000;23301688888,89
unevenstring;96;1;3;2000;23301688888,89
unevenstring;96;1;4;2000;23301688888,89
unevenstring;96;1;5;2000;23301688888,89
unevenstring;96;1;6;2000;23301688888,89
unevenstring;96;1;7;2000;23301688888,89
unevenstring;96;1;8;2000;23301688888,89
unevenstring;96;1;9;2000;23301688888,89
unevenstring;96;1;10;2000;23301688888,89
unevenstring;96;1;11;2000;23301688888,89
unevenstring;96;1;12;2000;23301688888,89
unevenstring;96;1;13;2000;23301688888,89
unevenstring;96;1;14;2000;23301688888,89
unevenstring;96;1;15;2000;23301688888,89
unevenstring;96;1;16;2000;23301688888,89
unevenstring;96;1;17;2000;23301688888,89
unevenstring;96;1;18;2000;23301688888,89
unevenstring;96;1;19;2000;23301688888,89
unevenstring;96;1;20;2000;23301688888,89
unevenstring;96;1;21;2000;23301688888,89
unevenstring;96;1;22;2000;23301688888,89
unevenstring;96;1;23;2000;23301688888,89
unevenstring;96;1;24;2000;23301688888,89
unevenstring;96;1;25;2000;23301688888,89
unevenstring;96;1;26;2000;23301688888,89
unevenstring;96;1;27;2000;23301688888,89
unevenstring;96;1;28;2000;23301688888,89
unevenstring;96;1;29;2000;23301688888,89
unevenstring;96;1;30;2000;23301688888,89
unevenstring;96;2;1;2000;45590260869,57
unevenstring;96;2;2;2000;45590260869,57
unevenstring;96;2;3;2000;45590260869,57
unevenstring;96;2;4;2000;45590260869,57
unevenstring;96;2;5;2000;45590260869,57
unevenstring;96;2;6;2000;45590260869,57
unevenstring;96;2;7;2000;45590260869,57
unevenstring;96;2;8;2000;45590260869,57
unevenstring;96;2;9;2000;45590260869,57
unevenstring;96;2;10;2000;45590260869,57
unevenstring;96;2;11;2000;45590260869,57
unevenstring;96;2;12;2000;45590260869,57
unevenstring;96;2;13;2000;45590260869,57
unevenstring;96;2;14;2000;45590260869,57
unevenstring;96;2;15;2000;45590260869,57
unevenstring;96;2;16;2000;45590260869,57
unevenstring;96;2;17;2000;45590260869,57
unevenstring;96;2;18;2000;45590260869,57
unevenstring;96;2;19;2000;45590260869,57
unevenstring;96;2;20;2000;45590260869,57
unevenstring;96;2;21;2000;45590260869,57
unevenstring;96;2;22;2000;45590260869,57
unevenstring;96;2;23;2000;45590260869,57
unevenstring;96;2;24;2000;45590260869,57
unevenstring;96;2;25;2000;45590260869,57
unevenstring;96;2;26;2000;45590260869,57
unevenstring;96;2;27;2000;45590260869,57
unevenstring;96;2;28;2000;45590260869,57
unevenstring;96;2;29;2000;45590260869,57
unevenstring;96;2;30;2000;45590260869,57
unevenstring;96;3;1;2000;67650064516,13
unevenstring;96;3;2;2000;67650064516,13
unevenstring;96;3;3;2000;67650064516,13
unevenstring;96;3;4;2000;67650064516,13
unevenstring;96;3;5;2000;67650064516,13
unevenstring;96;3;6;2000;67650064516,13
unevenstring;96;3;7;2000;67650064516,13
unevenstring;96;3;8;2000;67650064516,13
unevenstring;96;3;9;2000;67650064516,13
unevenstring;96;3;10;2000;67650064516,13
unevenstring;96;3;11;2000;67650064516,13
unevenstring;96;3;12;2000;67650064516,13
unevenstring;96;3;13;2000;67650064516,13
unevenstring;96;3;14;2000;67650064516,13
unevenstring;96;3;15;2000;67650064516,13
unevenstring;96;3;16;2000;67650064516,13
unevenstring;96;3;17;2000;67650064516,13
unevenstring;96;3;18;2000;67650064516,13
unevenstring;96;3;19;2000;67650064516,13
unevenstring;96;3;20;2000;65536000000,00
unevenstring;96;3;21;2000;67650064516,13
unevenstring;96;3;22;2000;65536000000,00
unevenstring;96;3;23;2000;65536000000,00
unevenstring;96;3;24;2000;63550060606,06
unevenstring;96;3;25;2000;65536000000,00
unevenstring;96;3;26;2000;65536000000,00
unevenstring;96;3;27;2000;65536000000,00
unevenstring;96;3;28;2000;65536000000,00
unevenstring;96;3;29;2000;65536000000,00
unevenstring;96;3;30;2000;67650064516,13
unevenstring;96;4;1;2000;91180521739,13
unevenstring;96;4;2;2000;87381333333,33
unevenstring;96;4;3;2000;87381333333,33
unevenstring;96;4;4;2000;87381333333,33
unevenstring;96;4;5;2000;87381333333,33
unevenstring;96;4;6;2000;87381333333,33
unevenstring;96;4;7;2000;87381333333,33
unevenstring;96;4;8;2000;87381333333,33
unevenstring;96;4;9;2000;87381333333,33
unevenstring;96;4;10;2000;87381333333,33
unevenstring;96;4;11;2000;91180521739,13
unevenstring;96;4;12;2000;87381333333,33
unevenstring;96;4;13;2000;87381333333,33
unevenstring;96;4;14;2000;91180521739,13
unevenstring;96;4;15;2000;87381333333,33
unevenstring;96;4;16;2000;91180521739,13
unevenstring;96;4;17;2000;91180521739,13
unevenstring;96;4;18;2000;91180521739,13
unevenstring;96;4;19;2000;87381333333,33
unevenstring;96;4;20;2000;87381333333,33
unevenstring;96;4;21;2000;87381333333,33
unevenstring;96;4;22;2000;87381333333,33
unevenstring;96;4;23;2000;87381333333,33
unevenstring;96;4;24;2000;87381333333,33
unevenstring;96;4;25;2000;87381333333,33
unevenstring;96;4;26;2000;83886080000,00
unevenstring;96;4;27;2000;83886080000,00
unevenstring;96;4;28;2000;87381333333,33
unevenstring;96;4;29;2000;83886080000,00
unevenstring;96;4;30;2000;83886080000,00
unevenstring;96;5;1;2000;104857600000,00
unevenstring;96;5;2;2000;99864380952,38
unevenstring;96;5;3;2000;99864380952,38
unevenstring;96;5;4;2000;99864380952,38
unevenstring;96;5;5;2000;99864380952,38
unevenstring;96;5;6;2000;99864380952,38
unevenstring;96;5;7;2000;99864380952,38
unevenstring;96;5;8;2000;99864380952,38
unevenstring;96;5;9;2000;99864380952,38
unevenstring;96;5;10;2000;99864380952,38
unevenstring;96;5;11;2000;99864380952,38
unevenstring;96;5;12;2000;104857600000,00
unevenstring;96;5;13;2000;104857600000,00
unevenstring;96;5;14;2000;104857600000,00
unevenstring;96;5;15;2000;104857600000,00
unevenstring;96;5;16;2000;104857600000,00
unevenstring;96;5;17;2000;104857600000,00
unevenstring;96;5;18;2000;104857600000,00
unevenstring;96;5;19;2000;104857600000,00
unevenstring;96;5;20;2000;104857600000,00
unevenstring;96;5;21;2000;104857600000,00
unevenstring;96;5;22;2000;104857600000,00
unevenstring;96;5;23;2000;104857600000,00
unevenstring;96;5;24;2000;104857600000,00
unevenstring;96;5;25;2000;104857600000,00
unevenstring;96;5;26;2000;104857600000,00
unevenstring;96;5;27;2000;104857600000,00
unevenstring;96;5;28;2000;104857600000,00
unevenstring;96;5;29;2000;104857600000,00
unevenstring;96;5;30;2000;104857600000,00
unevenstring;96;6;1;2000;123361882352,94
unevenstring;96;6;2;2000;123361882352,94
unevenstring;96;6;3;2000;123361882352,94
unevenstring;96;6;4;2000;123361882352,94
unevenstring;96;6;5;2000;116508444444,44
unevenstring;96;6;6;2000;116508444444,44
unevenstring;96;6;7;2000;116508444444,44
unevenstring;96;6;8;2000;116508444444,44
unevenstring;96;6;9;2000;116508444444,44
unevenstring;96;6;10;2000;116508444444,44
unevenstring;96;6;11;2000;116508444444,44
unevenstring;96;6;12;2000;116508444444,44
unevenstring;96;6;13;2000;116508444444,44
unevenstring;96;6;14;2000;116508444444,44
unevenstring;96;6;15;2000;116508444444,44
unevenstring;96;6;16;2000;116508444444,44
unevenstring;96;6;17;2000;116508444444,44
unevenstring;96;6;18;2000;116508444444,44
unevenstring;96;6;19;2000;116508444444,44
unevenstring;96;6;20;2000;116508444444,44
unevenstring;96;6;21;2000;116508444444,44
unevenstring;96;6;22;2000;116508444444,44
unevenstring;96;6;23;2000;116508444444,44
unevenstring;96;6;24;2000;116508444444,44
unevenstring;96;6;25;2000;116508444444,44
unevenstring;96;6;26;2000;116508444444,44
unevenstring;96;6;27;2000;116508444444,44
unevenstring;96;6;28;2000;110376421052,63
unevenstring;96;6;29;2000;116508444444,44
unevenstring;96;6;30;2000;116508444444,44
unevenstring;96;7;1;2000;131072000000,00
unevenstring;96;7;2;2000;131072000000,00
unevenstring;96;7;3;2000;131072000000,00
unevenstring;96;7;4;2000;131072000000,00
unevenstring;96;7;5;2000;131072000000,00
unevenstring;96;7;6;2000;131072000000,00
unevenstring;96;7;7;2000;131072000000,00
unevenstring;96;7;8;2000;131072000000,00
unevenstring;96;7;9;2000;131072000000,00
unevenstring;96;7;10;2000;139810133333,33
unevenstring;96;7;11;2000;131072000000,00
unevenstring;96;7;12;2000;131072000000,00
unevenstring;96;7;13;2000;131072000000,00
unevenstring;96;7;14;2000;131072000000,00
unevenstring;96;7;15;2000;131072000000,00
unevenstring;96;7;16;2000;131072000000,00
unevenstring;96;7;17;2000;131072000000,00
unevenstring;96;7;18;2000;131072000000,00
unevenstring;96;7;19;2000;139810133333,33
unevenstring;96;7;20;2000;131072000000,00
unevenstring;96;7;21;2000;131072000000,00
unevenstring;96;7;22;2000;131072000000,00
unevenstring;96;7;23;2000;131072000000,00
unevenstring;96;7;24;2000;131072000000,00
unevenstring;96;7;25;2000;131072000000,00
unevenstring;96;7;26;2000;131072000000,00
unevenstring;96;7;27;2000;131072000000,00
unevenstring;96;7;28;2000;131072000000,00
unevenstring;96;7;29;2000;131072000000,00
unevenstring;96;7;30;2000;131072000000,00
unevenstring;96;8;1;2000;149796571428,57
unevenstring;96;8;2;2000;149796571428,57
unevenstring;96;8;3;2000;139810133333,33
unevenstring;96;8;4;2000;139810133333,33
unevenstring;96;8;5;2000;139810133333,33
unevenstring;96;8;6;2000;139810133333,33
unevenstring;96;8;7;2000;139810133333,33
unevenstring;96;8;8;2000;139810133333,33
unevenstring;96;8;9;2000;139810133333,33
unevenstring;96;8;10;2000;139810133333,33
unevenstring;96;8;11;2000;149796571428,57
unevenstring;96;8;12;2000;139810133333,33
unevenstring;96;8;13;2000;139810133333,33
unevenstring;96;8;14;2000;139810133333,33
unevenstring;96;8;15;2000;139810133333,33
unevenstring;96;8;16;2000;139810133333,33
unevenstring;96;8;17;2000;139810133333,33
unevenstring;96;8;18;2000;139810133333,33
unevenstring;96;8;19;2000;139810133333,33
unevenstring;96;8;20;2000;149796571428,57
unevenstring;96;8;21;2000;139810133333,33
unevenstring;96;8;22;2000;139810133333,33
unevenstring;96;8;23;2000;139810133333,33
unevenstring;96;8;24;2000;139810133333,33
unevenstring;96;8;25;2000;139810133333,33
unevenstring;96;8;26;2000;139810133333,33
unevenstring;96;8;27;2000;139810133333,33
unevenstring;96;8;28;2000;139810133333,33
unevenstring;96;8;29;2000;139810133333,33
unevenstring;96;8;30;2000;139810133333,33
unevenstring;96;9;1;2000;149796571428,57
unevenstring;96;9;2;2000;149796571428,57
unevenstring;96;9;3;2000;149796571428,57
unevenstring;96;9;4;2000;149796571428,57
unevenstring;96;9;5;2000;149796571428,57
unevenstring;96;9;6;2000;149796571428,57
unevenstring;96;9;7;2000;149796571428,57
unevenstring;96;9;8;2000;149796571428,57
unevenstring;96;9;9;2000;149796571428,57
unevenstring;96;9;10;2000;149796571428,57
unevenstring;96;9;11;2000;149796571428,57
unevenstring;96;9;12;2000;149796571428,57
unevenstring;96;9;13;2000;149796571428,57
unevenstring;96;9;14;2000;149796571428,57
unevenstring;96;9;15;2000;149796571428,57
unevenstring;96;9;16;2000;149796571428,57
unevenstring;96;9;17;2000;149796571428,57
unevenstring;96;9;18;2000;149796571428,57
unevenstring;96;9;19;2000;149796571428,57
unevenstring;96;9;20;2000;149796571428,57
unevenstring;96;9;21;2000;149796571428,57
unevenstring;96;9;22;2000;149796571428,57
unevenstring;96;9;23;2000;149796571428,57
unevenstring;96;9;24;2000;139810133333,33
unevenstring;96;9;25;2000;149796571428,57
unevenstring;96;9;26;2000;149796571428,57
unevenstring;96;9;27;2000;149796571428,57
unevenstring;96;9;28;2000;149796571428,57
unevenstring;96;9;29;2000;149796571428,57
unevenstring;96;9;30;2000;149796571428,57
unevenstring;96;10;1;2000;161319384615,38
unevenstring;96;10;2;2000;161319384615,38
unevenstring;96;10;3;2000;161319384615,38
unevenstring;96;10;4;2000;161319384615,38
unevenstring;96;10;5;2000;161319384615,38
unevenstring;96;10;6;2000;161319384615,38
unevenstring;96;10;7;2000;161319384615,38
unevenstring;96;10;8;2000;161319384615,38
unevenstring;96;10;9;2000;149796571428,57
unevenstring;96;10;10;2000;161319384615,38
unevenstring;96;10;11;2000;161319384615,38
unevenstring;96;10;12;2000;161319384615,38
unevenstring;96;10;13;2000;149796571428,57
unevenstring;96;10;14;2000;161319384615,38
unevenstring;96;10;15;2000;161319384615,38
unevenstring;96;10;16;2000;161319384615,38
unevenstring;96;10;17;2000;161319384615,38
unevenstring;96;10;18;2000;161319384615,38
unevenstring;96;10;19;2000;161319384615,38
unevenstring;96;10;20;2000;161319384615,38
unevenstring;96;10;21;2000;161319384615,38
unevenstring;96;10;22;2000;161319384615,38
unevenstring;96;10;23;2000;161319384615,38
unevenstring;96;10;24;2000;161319384615,38
unevenstring;96;10;25;2000;161319384615,38
unevenstring;96;10;26;2000;161319384615,38
unevenstring;96;10;27;2000;161319384615,38
unevenstring;96;10;28;2000;149796571428,57
unevenstring;96;10;29;2000;161319384615,38
unevenstring;96;10;30;2000;161319384615,38
unevenstring;96;11;1;2000;174762666666,67
unevenstring;96;11;2;2000;174762666666,67
unevenstring;96;11;3;2000;161319384615,38
unevenstring;96;11;4;2000;161319384615,38
unevenstring;96;11;5;2000;161319384615,38
unevenstring;96;11;6;2000;161319384615,38
unevenstring;96;11;7;2000;161319384615,38
unevenstring;96;11;8;2000;161319384615,38
unevenstring;96;11;9;2000;161319384615,38
unevenstring;96;11;10;2000;161319384615,38
unevenstring;96;11;11;2000;161319384615,38
unevenstring;96;11;12;2000;161319384615,38
unevenstring;96;11;13;2000;174762666666,67
unevenstring;96;11;14;2000;174762666666,67
unevenstring;96;11;15;2000;161319384615,38
unevenstring;96;11;16;2000;161319384615,38
unevenstring;96;11;17;2000;161319384615,38
unevenstring;96;11;18;2000;174762666666,67
unevenstring;96;11;19;2000;161319384615,38
unevenstring;96;11;20;2000;174762666666,67
unevenstring;96;11;21;2000;174762666666,67
unevenstring;96;11;22;2000;174762666666,67
unevenstring;96;11;23;2000;161319384615,38
unevenstring;96;11;24;2000;174762666666,67
unevenstring;96;11;25;2000;174762666666,67
unevenstring;96;11;26;2000;161319384615,38
unevenstring;96;11;27;2000;161319384615,38
unevenstring;96;11;28;2000;174762666666,67
unevenstring;96;11;29;2000;174762666666,67
unevenstring;96;11;30;2000;174762666666,67
unevenstring;96;12;1;2000;174762666666,67
unevenstring;96;12;2;2000;174762666666,67
unevenstring;96;12;3;2000;190650181818,18
unevenstring;96;12;4;2000;174762666666,67
unevenstring;96;12;5;2000;174762666666,67
unevenstring;96;12;6;2000;174762666666,67
unevenstring;96;12;7;2000;174762666666,67
unevenstring;96;12;8;2000;174762666666,67
unevenstring;96;12;9;2000;174762666666,67
unevenstring;96;12;10;2000;174762666666,67
unevenstring;96;12;11;2000;174762666666,67
unevenstring;96;12;12;2000;174762666666,67
unevenstring;96;12;13;2000;174762666666,67
unevenstring;96;12;14;2000;174762666666,67
unevenstring;96;12;15;2000;174762666666,67
unevenstring;96;12;16;2000;174762666666,67
unevenstring;96;12;17;2000;174762666666,67
unevenstring;96;12;18;2000;174762666666,67
unevenstring;96;12;19;2000;174762666666,67
unevenstring;96;12;20;2000;174762666666,67
unevenstring;96;12;21;2000;174762666666,67
unevenstring;96;12;22;2000;174762666666,67
unevenstring;96;12;23;2000;174762666666,67
unevenstring;96;12;24;2000;174762666666,67
unevenstring;96;12;25;2000;174762666666,67
unevenstring;96;12;26;2000;174762666666,67
unevenstring;96;12;27;2000;174762666666,67
unevenstring;96;12;28;2000;174762666666,67
unevenstring;96;12;29;2000;174762666666,67
unevenstring;96;12;30;2000;174762666666,67
unevenstring;96;13;1;2000;174762666666,67
unevenstring;96;13;2;2000;174762666666,67
unevenstring;96;13;3;2000;174762666666,67
unevenstring;96;13;4;2000;174762666666,67
unevenstring;96;13;5;2000;174762666666,67
unevenstring;96;13;6;2000;174762666666,67
unevenstring;96;13;7;2000;174762666666,67
unevenstring;96;13;8;2000;174762666666,67
unevenstring;96;13;9;2000;174762666666,67
unevenstring;96;13;10;2000;174762666666,67
unevenstring;96;13;11;2000;174762666666,67
unevenstring;96;13;12;2000;174762666666,67
unevenstring;96;13;13;2000;174762666666,67
unevenstring;96;13;14;2000;174762666666,67
unevenstring;96;13;15;2000;174762666666,67
unevenstring;96;13;16;2000;190650181818,18
unevenstring;96;13;17;2000;174762666666,67
unevenstring;96;13;18;2000;174762666666,67
unevenstring;96;13;19;2000;190650181818,18
unevenstring;96;13;20;2000;174762666666,67
unevenstring;96;13;21;2000;174762666666,67
unevenstring;96;13;22;2000;190650181818,18
unevenstring;96;13;23;2000;190650181818,18
unevenstring;96;13;24;2000;174762666666,67
unevenstring;96;13;25;2000;174762666666,67
unevenstring;96;13;26;2000;174762666666,67
unevenstring;96;13;27;2000;174762666666,67
unevenstring;96;13;28;2000;174762666666,67
unevenstring;96;13;29;2000;174762666666,67
unevenstring;96;13;30;2000;174762666666,67
unevenstring;96;14;1;2000;190650181818,18
unevenstring;96;14;2;2000;174762666666,67
unevenstring;96;14;3;2000;174762666666,67
unevenstring;96;14;4;2000;174762666666,67
unevenstring;96;14;5;2000;174762666666,67
unevenstring;96;14;6;2000;174762666666,67
unevenstring;96;14;7;2000;174762666666,67
unevenstring;96;14;8;2000;174762666666,67
unevenstring;96;14;9;2000;174762666666,67
unevenstring;96;14;10;2000;174762666666,67
unevenstring;96;14;11;2000;174762666666,67
unevenstring;96;14;12;2000;174762666666,67
unevenstring;96;14;13;2000;174762666666,67
unevenstring;96;14;14;2000;174762666666,67
unevenstring;96;14;15;2000;174762666666,67
unevenstring;96;14;16;2000;174762666666,67
unevenstring;96;14;17;2000;174762666666,67
unevenstring;96;14;18;2000;174762666666,67
unevenstring;96;14;19;2000;174762666666,67
unevenstring;96;14;20;2000;174762666666,67
unevenstring;96;14;21;2000;174762666666,67
unevenstring;96;14;22;2000;174762666666,67
unevenstring;96;14;23;2000;174762666666,67
unevenstring;96;14;24;2000;174762666666,67
unevenstring;96;14;25;2000;174762666666,67
unevenstring;96;14;26;2000;174762666666,67
unevenstring;96;14;27;2000;174762666666,67
unevenstring;96;14;28;2000;174762666666,67
unevenstring;96;14;29;2000;174762666666,67
unevenstring;96;14;30;2000;174762666666,67
unevenstring;96;15;1;2000;174762666666,67
unevenstring;96;15;2;2000;190650181818,18
unevenstring;96;15;3;2000;174762666666,67
unevenstring;96;15;4;2000;174762666666,67
unevenstring;96;15;5;2000;174762666666,67
unevenstring;96;15;6;2000;174762666666,67
unevenstring;96;15;7;2000;161319384615,38
unevenstring;96;15;8;2000;174762666666,67
unevenstring;96;15;9;2000;174762666666,67
unevenstring;96;15;10;2000;161319384615,38
unevenstring;96;15;11;2000;174762666666,67
unevenstring;96;15;12;2000;174762666666,67
unevenstring;96;15;13;2000;174762666666,67
unevenstring;96;15;14;2000;174762666666,67
unevenstring;96;15;15;2000;161319384615,38
unevenstring;96;15;16;2000;174762666666,67
unevenstring;96;15;17;2000;174762666666,67
unevenstring;96;15;18;2000;174762666666,67
unevenstring;96;15;19;2000;174762666666,67
unevenstring;96;15;20;2000;174762666666,67
unevenstring;96;15;21;2000;174762666666,67
unevenstring;96;15;22;2000;174762666666,67
unevenstring;96;15;23;2000;174762666666,67
unevenstring;96;15;24;2000;174762666666,67
unevenstring;96;15;25;2000;174762666666,67
unevenstring;96;15;26;2000;174762666666,67
unevenstring;96;15;27;2000;174762666666,67
unevenstring;96;15;28;2000;174762666666,67
unevenstring;96;15;29;2000;174762666666,67
unevenstring;96;15;30;2000;174762666666,67
unevenstring;96;16;1;2000;190650181818,18
unevenstring;96;16;2;2000;190650181818,18
unevenstring;96;16;3;2000;190650181818,18
unevenstring;96;16;4;2000;190650181818,18
unevenstring;96;16;5;2000;190650181818,18
unevenstring;96;16;6;2000;190650181818,18
unevenstring;96;16;7;2000;190650181818,18
unevenstring;96;16;8;2000;190650181818,18
unevenstring;96;16;9;2000;174762666666,67
unevenstring;96;16;10;2000;190650181818,18
unevenstring;96;16;11;2000;190650181818,18
unevenstring;96;16;12;2000;190650181818,18
unevenstring;96;16;13;2000;190650181818,18
unevenstring;96;16;14;2000;190650181818,18
unevenstring;96;16;15;2000;190650181818,18
unevenstring;96;16;16;2000;190650181818,18
unevenstring;96;16;17;2000;190650181818,18
unevenstring;96;16;18;2000;190650181818,18
unevenstring;96;16;19;2000;190650181818,18
unevenstring;96;16;20;2000;190650181818,18
unevenstring;96;16;21;2000;190650181818,18
unevenstring;96;16;22;2000;190650181818,18
unevenstring;96;16;23;2000;190650181818,18
unevenstring;96;16;24;2000;190650181818,18
unevenstring;96;16;25;2000;190650181818,18
unevenstring;96;16;26;2000;190650181818,18
unevenstring;96;16;27;2000;190650181818,18
unevenstring;96;16;28;2000;190650181818,18
unevenstring;96;16;29;2000;190650181818,18
unevenstring;96;16;30;2000;190650181818,18
unevenstring;96;1;1;4000;21183353535,35
unevenstring;96;1;2;4000;21732145077,72
unevenstring;96;1;3;4000;21959706806,28
unevenstring;96;1;4;4000;21959706806,28
unevenstring;96;1;5;4000;22075284210,53
unevenstring;96;1;6;4000;22075284210,53
unevenstring;96;1;7;4000;22075284210,53
unevenstring;96;1;8;4000;22075284210,53
unevenstring;96;1;9;4000;22075284210,53
unevenstring;96;1;10;4000;22075284210,53
unevenstring;96;1;11;4000;22075284210,53
unevenstring;96;1;12;4000;22075284210,53
unevenstring;96;1;13;4000;22075284210,53
unevenstring;96;1;14;4000;22075284210,53
unevenstring;96;1;15;4000;22075284210,53
unevenstring;96;1;16;4000;22075284210,53
unevenstring;96;1;17;4000;22075284210,53
unevenstring;96;1;18;4000;22075284210,53
unevenstring;96;1;19;4000;22075284210,53
unevenstring;96;1;20;4000;22075284210,53
unevenstring;96;1;21;4000;22075284210,53
unevenstring;96;1;22;4000;22075284210,53
unevenstring;96;1;23;4000;22075284210,53
unevenstring;96;1;24;4000;22075284210,53
unevenstring;96;1;25;4000;22075284210,53
unevenstring;96;1;26;4000;22075284210,53
unevenstring;96;1;27;4000;22075284210,53
unevenstring;96;1;28;4000;22075284210,53
unevenstring;96;1;29;4000;22075284210,53
unevenstring;96;1;30;4000;22075284210,53
unevenstring;96;2;1;4000;43240247422,68
unevenstring;96;2;2;4000;43240247422,68
unevenstring;96;2;3;4000;43240247422,68
unevenstring;96;2;4;4000;43240247422,68
unevenstring;96;2;5;4000;43240247422,68
unevenstring;96;2;6;4000;43240247422,68
unevenstring;96;2;7;4000;43240247422,68
unevenstring;96;2;8;4000;43240247422,68
unevenstring;96;2;9;4000;43240247422,68
unevenstring;96;2;10;4000;43240247422,68
unevenstring;96;2;11;4000;43240247422,68
unevenstring;96;2;12;4000;43240247422,68
unevenstring;96;2;13;4000;43240247422,68
unevenstring;96;2;14;4000;43240247422,68
unevenstring;96;2;15;4000;43240247422,68
unevenstring;96;2;16;4000;43240247422,68
unevenstring;96;2;17;4000;43240247422,68
unevenstring;96;2;18;4000;43240247422,68
unevenstring;96;2;19;4000;43240247422,68
unevenstring;96;2;20;4000;43240247422,68
unevenstring;96;2;21;4000;43240247422,68
unevenstring;96;2;22;4000;43240247422,68
unevenstring;96;2;23;4000;43240247422,68
unevenstring;96;2;24;4000;43240247422,68
unevenstring;96;2;25;4000;43240247422,68
unevenstring;96;2;26;4000;43240247422,68
unevenstring;96;2;27;4000;43240247422,68
unevenstring;96;2;28;4000;43240247422,68
unevenstring;96;2;29;4000;43240247422,68
unevenstring;96;2;30;4000;43240247422,68
unevenstring;96;3;1;4000;64527753846,15
unevenstring;96;3;2;4000;64527753846,15
unevenstring;96;3;3;4000;64527753846,15
unevenstring;96;3;4;4000;64527753846,15
unevenstring;96;3;5;4000;64527753846,15
unevenstring;96;3;6;4000;64527753846,15
unevenstring;96;3;7;4000;64527753846,15
unevenstring;96;3;8;4000;64527753846,15
unevenstring;96;3;9;4000;63550060606,06
unevenstring;96;3;10;4000;63550060606,06
unevenstring;96;3;11;4000;62601552238,81
unevenstring;96;3;12;4000;60787014492,75
unevenstring;96;3;13;4000;60787014492,75
unevenstring;96;3;14;4000;61680941176,47
unevenstring;96;3;15;4000;63550060606,06
unevenstring;96;3;16;4000;64527753846,15
unevenstring;96;3;17;4000;64527753846,15
unevenstring;96;3;18;4000;64527753846,15
unevenstring;96;3;19;4000;64527753846,15
unevenstring;96;3;20;4000;64527753846,15
unevenstring;96;3;21;4000;64527753846,15
unevenstring;96;3;22;4000;64527753846,15
unevenstring;96;3;23;4000;64527753846,15
unevenstring;96;3;24;4000;64527753846,15
unevenstring;96;3;25;4000;64527753846,15
unevenstring;96;3;26;4000;63550060606,06
unevenstring;96;3;27;4000;62601552238,81
unevenstring;96;3;28;4000;62601552238,81
unevenstring;96;3;29;4000;62601552238,81
unevenstring;96;3;30;4000;63550060606,06
unevenstring;96;4;1;4000;82241254901,96
unevenstring;96;4;2;4000;80659692307,69
unevenstring;96;4;3;4000;82241254901,96
unevenstring;96;4;4;4000;82241254901,96
unevenstring;96;4;5;4000;82241254901,96
unevenstring;96;4;6;4000;82241254901,96
unevenstring;96;4;7;4000;82241254901,96
unevenstring;96;4;8;4000;82241254901,96
unevenstring;96;4;9;4000;82241254901,96
unevenstring;96;4;10;4000;82241254901,96
unevenstring;96;4;11;4000;82241254901,96
unevenstring;96;4;12;4000;80659692307,69
unevenstring;96;4;13;4000;80659692307,69
unevenstring;96;4;14;4000;80659692307,69
unevenstring;96;4;15;4000;80659692307,69
unevenstring;96;4;16;4000;80659692307,69
unevenstring;96;4;17;4000;80659692307,69
unevenstring;96;4;18;4000;80659692307,69
unevenstring;96;4;19;4000;80659692307,69
unevenstring;96;4;20;4000;80659692307,69
unevenstring;96;4;21;4000;82241254901,96
unevenstring;96;4;22;4000;82241254901,96
unevenstring;96;4;23;4000;82241254901,96
unevenstring;96;4;24;4000;82241254901,96
unevenstring;96;4;25;4000;82241254901,96
unevenstring;96;4;26;4000;82241254901,96
unevenstring;96;4;27;4000;82241254901,96
unevenstring;96;4;28;4000;80659692307,69
unevenstring;96;4;29;4000;82241254901,96
unevenstring;96;4;30;4000;80659692307,69
unevenstring;96;5;1;4000;95325090909,09
unevenstring;96;5;2;4000;93206755555,56
unevenstring;96;5;3;4000;95325090909,09
unevenstring;96;5;4;4000;95325090909,09
unevenstring;96;5;5;4000;95325090909,09
unevenstring;96;5;6;4000;95325090909,09
unevenstring;96;5;7;4000;95325090909,09
unevenstring;96;5;8;4000;95325090909,09
unevenstring;96;5;9;4000;95325090909,09
unevenstring;96;5;10;4000;95325090909,09
unevenstring;96;5;11;4000;95325090909,09
unevenstring;96;5;12;4000;95325090909,09
unevenstring;96;5;13;4000;95325090909,09
unevenstring;96;5;14;4000;95325090909,09
unevenstring;96;5;15;4000;95325090909,09
unevenstring;96;5;16;4000;97541953488,37
unevenstring;96;5;17;4000;95325090909,09
unevenstring;96;5;18;4000;95325090909,09
unevenstring;96;5;19;4000;95325090909,09
unevenstring;96;5;20;4000;95325090909,09
unevenstring;96;5;21;4000;95325090909,09
unevenstring;96;5;22;4000;95325090909,09
unevenstring;96;5;23;4000;95325090909,09
unevenstring;96;5;24;4000;95325090909,09
unevenstring;96;5;25;4000;95325090909,09
unevenstring;96;5;26;4000;95325090909,09
unevenstring;96;5;27;4000;95325090909,09
unevenstring;96;5;28;4000;95325090909,09
unevenstring;96;5;29;4000;95325090909,09
unevenstring;96;5;30;4000;95325090909,09
unevenstring;96;6;1;4000;110376421052,63
unevenstring;96;6;2;4000;107546256410,26
unevenstring;96;6;3;4000;110376421052,63
unevenstring;96;6;4;4000;110376421052,63
unevenstring;96;6;5;4000;110376421052,63
unevenstring;96;6;6;4000;110376421052,63
unevenstring;96;6;7;4000;110376421052,63
unevenstring;96;6;8;4000;110376421052,63
unevenstring;96;6;9;4000;110376421052,63
unevenstring;96;6;10;4000;110376421052,63
unevenstring;96;6;11;4000;110376421052,63
unevenstring;96;6;12;4000;110376421052,63
unevenstring;96;6;13;4000;110376421052,63
unevenstring;96;6;14;4000;110376421052,63
unevenstring;96;6;15;4000;110376421052,63
unevenstring;96;6;16;4000;110376421052,63
unevenstring;96;6;17;4000;107546256410,26
unevenstring;96;6;18;4000;110376421052,63
unevenstring;96;6;19;4000;107546256410,26
unevenstring;96;6;20;4000;110376421052,63
unevenstring;96;6;21;4000;107546256410,26
unevenstring;96;6;22;4000;107546256410,26
unevenstring;96;6;23;4000;110376421052,63
unevenstring;96;6;24;4000;110376421052,63
unevenstring;96;6;25;4000;107546256410,26
unevenstring;96;6;26;4000;110376421052,63
unevenstring;96;6;27;4000;110376421052,63
unevenstring;96;6;28;4000;110376421052,63
unevenstring;96;6;29;4000;110376421052,63
unevenstring;96;6;30;4000;110376421052,63
unevenstring;96;7;1;4000;127100121212,12
unevenstring;96;7;2;4000;123361882352,94
unevenstring;96;7;3;4000;123361882352,94
unevenstring;96;7;4;4000;123361882352,94
unevenstring;96;7;5;4000;123361882352,94
unevenstring;96;7;6;4000;123361882352,94
unevenstring;96;7;7;4000;123361882352,94
unevenstring;96;7;8;4000;123361882352,94
unevenstring;96;7;9;4000;123361882352,94
unevenstring;96;7;10;4000;123361882352,94
unevenstring;96;7;11;4000;123361882352,94
unevenstring;96;7;12;4000;123361882352,94
unevenstring;96;7;13;4000;123361882352,94
unevenstring;96;7;14;4000;123361882352,94
unevenstring;96;7;15;4000;123361882352,94
unevenstring;96;7;16;4000;123361882352,94
unevenstring;96;7;17;4000;123361882352,94
unevenstring;96;7;18;4000;119837257142,86
unevenstring;96;7;19;4000;123361882352,94
unevenstring;96;7;20;4000;123361882352,94
unevenstring;96;7;21;4000;119837257142,86
unevenstring;96;7;22;4000;119837257142,86
unevenstring;96;7;23;4000;123361882352,94
unevenstring;96;7;24;4000;123361882352,94
unevenstring;96;7;25;4000;123361882352,94
unevenstring;96;7;26;4000;123361882352,94
unevenstring;96;7;27;4000;123361882352,94
unevenstring;96;7;28;4000;123361882352,94
unevenstring;96;7;29;4000;123361882352,94
unevenstring;96;7;30;4000;123361882352,94
unevenstring;96;8;1;4000;135300129032,26
unevenstring;96;8;2;4000;135300129032,26
unevenstring;96;8;3;4000;135300129032,26
unevenstring;96;8;4;4000;135300129032,26
unevenstring;96;8;5;4000;135300129032,26
unevenstring;96;8;6;4000;135300129032,26
unevenstring;96;8;7;4000;135300129032,26
unevenstring;96;8;8;4000;135300129032,26
unevenstring;96;8;9;4000;135300129032,26
unevenstring;96;8;10;4000;135300129032,26
unevenstring;96;8;11;4000;131072000000,00
unevenstring;96;8;12;4000;135300129032,26
unevenstring;96;8;13;4000;135300129032,26
unevenstring;96;8;14;4000;135300129032,26
unevenstring;96;8;15;4000;135300129032,26
unevenstring;96;8;16;4000;135300129032,26
unevenstring;96;8;17;4000;135300129032,26
unevenstring;96;8;18;4000;135300129032,26
unevenstring;96;8;19;4000;135300129032,26
unevenstring;96;8;20;4000;131072000000,00
unevenstring;96;8;21;4000;135300129032,26
unevenstring;96;8;22;4000;135300129032,26
unevenstring;96;8;23;4000;135300129032,26
unevenstring;96;8;24;4000;135300129032,26
unevenstring;96;8;25;4000;135300129032,26
unevenstring;96;8;26;4000;135300129032,26
unevenstring;96;8;27;4000;135300129032,26
unevenstring;96;8;28;4000;135300129032,26
unevenstring;96;8;29;4000;135300129032,26
unevenstring;96;8;30;4000;135300129032,26
unevenstring;96;9;1;4000;144631172413,79
unevenstring;96;9;2;4000;139810133333,33
unevenstring;96;9;3;4000;144631172413,79
unevenstring;96;9;4;4000;139810133333,33
unevenstring;96;9;5;4000;144631172413,79
unevenstring;96;9;6;4000;139810133333,33
unevenstring;96;9;7;4000;139810133333,33
unevenstring;96;9;8;4000;144631172413,79
unevenstring;96;9;9;4000;139810133333,33
unevenstring;96;9;10;4000;144631172413,79
unevenstring;96;9;11;4000;139810133333,33
unevenstring;96;9;12;4000;144631172413,79
unevenstring;96;9;13;4000;139810133333,33
unevenstring;96;9;14;4000;139810133333,33
unevenstring;96;9;15;4000;144631172413,79
unevenstring;96;9;16;4000;139810133333,33
unevenstring;96;9;17;4000;144631172413,79
unevenstring;96;9;18;4000;139810133333,33
unevenstring;96;9;19;4000;139810133333,33
unevenstring;96;9;20;4000;139810133333,33
unevenstring;96;9;21;4000;139810133333,33
unevenstring;96;9;22;4000;144631172413,79
unevenstring;96;9;23;4000;139810133333,33
unevenstring;96;9;24;4000;144631172413,79
unevenstring;96;9;25;4000;139810133333,33
unevenstring;96;9;26;4000;144631172413,79
unevenstring;96;9;27;4000;139810133333,33
unevenstring;96;9;28;4000;139810133333,33
unevenstring;96;9;29;4000;144631172413,79
unevenstring;96;9;30;4000;139810133333,33
unevenstring;96;10;1;4000;155344592592,59
unevenstring;96;10;2;4000;149796571428,57
unevenstring;96;10;3;4000;149796571428,57
unevenstring;96;10;4;4000;149796571428,57
unevenstring;96;10;5;4000;149796571428,57
unevenstring;96;10;6;4000;149796571428,57
unevenstring;96;10;7;4000;155344592592,59
unevenstring;96;10;8;4000;149796571428,57
unevenstring;96;10;9;4000;155344592592,59
unevenstring;96;10;10;4000;149796571428,57
unevenstring;96;10;11;4000;149796571428,57
unevenstring;96;10;12;4000;149796571428,57
unevenstring;96;10;13;4000;149796571428,57
unevenstring;96;10;14;4000;149796571428,57
unevenstring;96;10;15;4000;149796571428,57
unevenstring;96;10;16;4000;149796571428,57
unevenstring;96;10;17;4000;155344592592,59
unevenstring;96;10;18;4000;149796571428,57
unevenstring;96;10;19;4000;149796571428,57
unevenstring;96;10;20;4000;149796571428,57
unevenstring;96;10;21;4000;149796571428,57
unevenstring;96;10;22;4000;149796571428,57
unevenstring;96;10;23;4000;149796571428,57
unevenstring;96;10;24;4000;149796571428,57
unevenstring;96;10;25;4000;149796571428,57
unevenstring;96;10;26;4000;149796571428,57
unevenstring;96;10;27;4000;149796571428,57
unevenstring;96;10;28;4000;149796571428,57
unevenstring;96;10;29;4000;144631172413,79
unevenstring;96;10;30;4000;149796571428,57
unevenstring;96;11;1;4000;155344592592,59
unevenstring;96;11;2;4000;155344592592,59
unevenstring;96;11;3;4000;155344592592,59
unevenstring;96;11;4;4000;155344592592,59
unevenstring;96;11;5;4000;149796571428,57
unevenstring;96;11;6;4000;155344592592,59
unevenstring;96;11;7;4000;149796571428,57
unevenstring;96;11;8;4000;155344592592,59
unevenstring;96;11;9;4000;155344592592,59
unevenstring;96;11;10;4000;155344592592,59
unevenstring;96;11;11;4000;155344592592,59
unevenstring;96;11;12;4000;149796571428,57
unevenstring;96;11;13;4000;155344592592,59
unevenstring;96;11;14;4000;155344592592,59
unevenstring;96;11;15;4000;155344592592,59
unevenstring;96;11;16;4000;155344592592,59
unevenstring;96;11;17;4000;155344592592,59
unevenstring;96;11;18;4000;155344592592,59
unevenstring;96;11;19;4000;127100121212,12
unevenstring;96;11;20;4000;155344592592,59
unevenstring;96;11;21;4000;155344592592,59
unevenstring;96;11;22;4000;155344592592,59
unevenstring;96;11;23;4000;161319384615,38
unevenstring;96;11;24;4000;161319384615,38
unevenstring;96;11;25;4000;155344592592,59
unevenstring;96;11;26;4000;161319384615,38
unevenstring;96;11;27;4000;155344592592,59
unevenstring;96;11;28;4000;155344592592,59
unevenstring;96;11;29;4000;155344592592,59
unevenstring;96;11;30;4000;155344592592,59
unevenstring;96;12;1;4000;167772160000,00
unevenstring;96;12;2;4000;161319384615,38
unevenstring;96;12;3;4000;167772160000,00
unevenstring;96;12;4;4000;161319384615,38
unevenstring;96;12;5;4000;161319384615,38
unevenstring;96;12;6;4000;167772160000,00
unevenstring;96;12;7;4000;161319384615,38
unevenstring;96;12;8;4000;167772160000,00
unevenstring;96;12;9;4000;161319384615,38
unevenstring;96;12;10;4000;167772160000,00
unevenstring;96;12;11;4000;167772160000,00
unevenstring;96;12;12;4000;161319384615,38
unevenstring;96;12;13;4000;167772160000,00
unevenstring;96;12;14;4000;167772160000,00
unevenstring;96;12;15;4000;167772160000,00
unevenstring;96;12;16;4000;161319384615,38
unevenstring;96;12;17;4000;167772160000,00
unevenstring;96;12;18;4000;167772160000,00
unevenstring;96;12;19;4000;161319384615,38
unevenstring;96;12;20;4000;167772160000,00
unevenstring;96;12;21;4000;161319384615,38
unevenstring;96;12;22;4000;161319384615,38
unevenstring;96;12;23;4000;161319384615,38
unevenstring;96;12;24;4000;155344592592,59
unevenstring;96;12;25;4000;161319384615,38
unevenstring;96;12;26;4000;161319384615,38
unevenstring;96;12;27;4000;167772160000,00
unevenstring;96;12;28;4000;167772160000,00
unevenstring;96;12;29;4000;161319384615,38
unevenstring;96;12;30;4000;167772160000,00
unevenstring;96;13;1;4000;167772160000,00
unevenstring;96;13;2;4000;167772160000,00
unevenstring;96;13;3;4000;167772160000,00
unevenstring;96;13;4;4000;161319384615,38
unevenstring;96;13;5;4000;167772160000,00
unevenstring;96;13;6;4000;167772160000,00
unevenstring;96;13;7;4000;161319384615,38
unevenstring;96;13;8;4000;167772160000,00
unevenstring;96;13;9;4000;167772160000,00
unevenstring;96;13;10;4000;161319384615,38
unevenstring;96;13;11;4000;167772160000,00
unevenstring;96;13;12;4000;167772160000,00
unevenstring;96;13;13;4000;161319384615,38
unevenstring;96;13;14;4000;167772160000,00
unevenstring;96;13;15;4000;161319384615,38
unevenstring;96;13;16;4000;161319384615,38
unevenstring;96;13;17;4000;167772160000,00
unevenstring;96;13;18;4000;155344592592,59
unevenstring;96;13;19;4000;161319384615,38
unevenstring;96;13;20;4000;167772160000,00
unevenstring;96;13;21;4000;167772160000,00
unevenstring;96;13;22;4000;167772160000,00
unevenstring;96;13;23;4000;161319384615,38
unevenstring;96;13;24;4000;167772160000,00
unevenstring;96;13;25;4000;167772160000,00
unevenstring;96;13;26;4000;161319384615,38
unevenstring;96;13;27;4000;167772160000,00
unevenstring;96;13;28;4000;161319384615,38
unevenstring;96;13;29;4000;167772160000,00
unevenstring;96;13;30;4000;167772160000,00
unevenstring;96;14;1;4000;161319384615,38
unevenstring;96;14;2;4000;167772160000,00
unevenstring;96;14;3;4000;167772160000,00
unevenstring;96;14;4;4000;161319384615,38
unevenstring;96;14;5;4000;167772160000,00
unevenstring;96;14;6;4000;167772160000,00
unevenstring;96;14;7;4000;167772160000,00
unevenstring;96;14;8;4000;174762666666,67
unevenstring;96;14;9;4000;161319384615,38
unevenstring;96;14;10;4000;167772160000,00
unevenstring;96;14;11;4000;174762666666,67
unevenstring;96;14;12;4000;161319384615,38
unevenstring;96;14;13;4000;167772160000,00
unevenstring;96;14;14;4000;167772160000,00
unevenstring;96;14;15;4000;161319384615,38
unevenstring;96;14;16;4000;167772160000,00
unevenstring;96;14;17;4000;167772160000,00
unevenstring;96;14;18;4000;161319384615,38
unevenstring;96;14;19;4000;167772160000,00
unevenstring;96;14;20;4000;161319384615,38
unevenstring;96;14;21;4000;167772160000,00
unevenstring;96;14;22;4000;167772160000,00
unevenstring;96;14;23;4000;155344592592,59
unevenstring;96;14;24;4000;167772160000,00
unevenstring;96;14;25;4000;167772160000,00
unevenstring;96;14;26;4000;167772160000,00
unevenstring;96;14;27;4000;174762666666,67
unevenstring;96;14;28;4000;161319384615,38
unevenstring;96;14;29;4000;167772160000,00
unevenstring;96;14;30;4000;174762666666,67
unevenstring;96;15;1;4000;161319384615,38
unevenstring;96;15;2;4000;167772160000,00
unevenstring;96;15;3;4000;161319384615,38
unevenstring;96;15;4;4000;161319384615,38
unevenstring;96;15;5;4000;174762666666,67
unevenstring;96;15;6;4000;161319384615,38
unevenstring;96;15;7;4000;167772160000,00
unevenstring;96;15;8;4000;167772160000,00
unevenstring;96;15;9;4000;161319384615,38
unevenstring;96;15;10;4000;167772160000,00
unevenstring;96;15;11;4000;167772160000,00
unevenstring;96;15;12;4000;161319384615,38
unevenstring;96;15;13;4000;167772160000,00
unevenstring;96;15;14;4000;161319384615,38
unevenstring;96;15;15;4000;161319384615,38
unevenstring;96;15;16;4000;167772160000,00
unevenstring;96;15;17;4000;161319384615,38
unevenstring;96;15;18;4000;161319384615,38
unevenstring;96;15;19;4000;167772160000,00
unevenstring;96;15;20;4000;161319384615,38
unevenstring;96;15;21;4000;161319384615,38
unevenstring;96;15;22;4000;167772160000,00
unevenstring;96;15;23;4000;155344592592,59
unevenstring;96;15;24;4000;161319384615,38
unevenstring;96;15;25;4000;167772160000,00
unevenstring;96;15;26;4000;161319384615,38
unevenstring;96;15;27;4000;167772160000,00
unevenstring;96;15;28;4000;161319384615,38
unevenstring;96;15;29;4000;161319384615,38
unevenstring;96;15;30;4000;167772160000,00
unevenstring;96;16;1;4000;167772160000,00
unevenstring;96;16;2;4000;174762666666,67
unevenstring;96;16;3;4000;167772160000,00
unevenstring;96;16;4;4000;167772160000,00
unevenstring;96;16;5;4000;174762666666,67
unevenstring;96;16;6;4000;167772160000,00
unevenstring;96;16;7;4000;167772160000,00
unevenstring;96;16;8;4000;174762666666,67
unevenstring;96;16;9;4000;174762666666,67
unevenstring;96;16;10;4000;161319384615,38
unevenstring;96;16;11;4000;174762666666,67
unevenstring;96;16;12;4000;174762666666,67
unevenstring;96;16;13;4000;167772160000,00
unevenstring;96;16;14;4000;174762666666,67
unevenstring;96;16;15;4000;174762666666,67
unevenstring;96;16;16;4000;167772160000,00
unevenstring;96;16;17;4000;167772160000,00
unevenstring;96;16;18;4000;174762666666,67
unevenstring;96;16;19;4000;167772160000,00
unevenstring;96;16;20;4000;174762666666,67
unevenstring;96;16;21;4000;174762666666,67
unevenstring;96;16;22;4000;167772160000,00
unevenstring;96;16;23;4000;167772160000,00
unevenstring;96;16;24;4000;174762666666,67
unevenstring;96;16;25;4000;174762666666,67
unevenstring;96;16;26;4000;161319384615,38
unevenstring;96;16;27;4000;167772160000,00
unevenstring;96;16;28;4000;174762666666,67
unevenstring;96;16;29;4000;167772160000,00
unevenstring;96;16;30;4000;167772160000,00
unevenstring;96;1;1;6000;21183353535,35
unevenstring;96;1;2;6000;21769743944,64
unevenstring;96;1;3;6000;21921449477,35
unevenstring;96;1;4;6000;22075284210,53
unevenstring;96;1;5;6000;21998097902,10
unevenstring;96;1;6;6000;21998097902,10
unevenstring;96;1;7;6000;21998097902,10
unevenstring;96;1;8;6000;22075284210,53
unevenstring;96;1;9;6000;21998097902,10
unevenstring;96;1;10;6000;22075284210,53
unevenstring;96;1;11;6000;21998097902,10
unevenstring;96;1;12;6000;21998097902,10
unevenstring;96;1;13;6000;21998097902,10
unevenstring;96;1;14;6000;21998097902,10
unevenstring;96;1;15;6000;21998097902,10
unevenstring;96;1;16;6000;22075284210,53
unevenstring;96;1;17;6000;21998097902,10
unevenstring;96;1;18;6000;21998097902,10
unevenstring;96;1;19;6000;22075284210,53
unevenstring;96;1;20;6000;22075284210,53
unevenstring;96;1;21;6000;21998097902,10
unevenstring;96;1;22;6000;21998097902,10
unevenstring;96;1;23;6000;21998097902,10
unevenstring;96;1;24;6000;22075284210,53
unevenstring;96;1;25;6000;21998097902,10
unevenstring;96;1;26;6000;21998097902,10
unevenstring;96;1;27;6000;22075284210,53
unevenstring;96;1;28;6000;21998097902,10
unevenstring;96;1;29;6000;21998097902,10
unevenstring;96;1;30;6000;21998097902,10
unevenstring;96;2;1;6000;43389351724,14
unevenstring;96;2;2;6000;43389351724,14
unevenstring;96;2;3;6000;43389351724,14
unevenstring;96;2;4;6000;43389351724,14
unevenstring;96;2;5;6000;43389351724,14
unevenstring;96;2;6;6000;43389351724,14
unevenstring;96;2;7;6000;43389351724,14
unevenstring;96;2;8;6000;43389351724,14
unevenstring;96;2;9;6000;43389351724,14
unevenstring;96;2;10;6000;43389351724,14
unevenstring;96;2;11;6000;43389351724,14
unevenstring;96;2;12;6000;43389351724,14
unevenstring;96;2;13;6000;43389351724,14
unevenstring;96;2;14;6000;43389351724,14
unevenstring;96;2;15;6000;43389351724,14
unevenstring;96;2;16;6000;43389351724,14
unevenstring;96;2;17;6000;43092164383,56
unevenstring;96;2;18;6000;43389351724,14
unevenstring;96;2;19;6000;43092164383,56
unevenstring;96;2;20;6000;43092164383,56
unevenstring;96;2;21;6000;43389351724,14
unevenstring;96;2;22;6000;43389351724,14
unevenstring;96;2;23;6000;43389351724,14
unevenstring;96;2;24;6000;43389351724,14
unevenstring;96;2;25;6000;43389351724,14
unevenstring;96;2;26;6000;43389351724,14
unevenstring;96;2;27;6000;43389351724,14
unevenstring;96;2;28;6000;43389351724,14
unevenstring;96;2;29;6000;43389351724,14
unevenstring;96;2;30;6000;43092164383,56
unevenstring;96;3;1;6000;64198530612,24
unevenstring;96;3;2;6000;64198530612,24
unevenstring;96;3;3;6000;64198530612,24
unevenstring;96;3;4;6000;64198530612,24
unevenstring;96;3;5;6000;64198530612,24
unevenstring;96;3;6;6000;64198530612,24
unevenstring;96;3;7;6000;63550060606,06
unevenstring;96;3;8;6000;61680941176,47
unevenstring;96;3;9;6000;61680941176,47
unevenstring;96;3;10;6000;62291643564,36
unevenstring;96;3;11;6000;63550060606,06
unevenstring;96;3;12;6000;64198530612,24
unevenstring;96;3;13;6000;64198530612,24
unevenstring;96;3;14;6000;64198530612,24
unevenstring;96;3;15;6000;64198530612,24
unevenstring;96;3;16;6000;63550060606,06
unevenstring;96;3;17;6000;62914560000,00
unevenstring;96;3;18;6000;62291643564,36
unevenstring;96;3;19;6000;62291643564,36
unevenstring;96;3;20;6000;62914560000,00
unevenstring;96;3;21;6000;63550060606,06
unevenstring;96;3;22;6000;63550060606,06
unevenstring;96;3;23;6000;64198530612,24
unevenstring;96;3;24;6000;64198530612,24
unevenstring;96;3;25;6000;63550060606,06
unevenstring;96;3;26;6000;63550060606,06
unevenstring;96;3;27;6000;62914560000,00
unevenstring;96;3;28;6000;62291643564,36
unevenstring;96;3;29;6000;62291643564,36
unevenstring;96;3;30;6000;62914560000,00
unevenstring;96;4;1;6000;80659692307,69
unevenstring;96;4;2;6000;80659692307,69
unevenstring;96;4;3;6000;80659692307,69
unevenstring;96;4;4;6000;80659692307,69
unevenstring;96;4;5;6000;80659692307,69
unevenstring;96;4;6;6000;80659692307,69
unevenstring;96;4;7;6000;80659692307,69
unevenstring;96;4;8;6000;79638683544,30
unevenstring;96;4;9;6000;79638683544,30
unevenstring;96;4;10;6000;79638683544,30
unevenstring;96;4;11;6000;79638683544,30
unevenstring;96;4;12;6000;79638683544,30
unevenstring;96;4;13;6000;80659692307,69
unevenstring;96;4;14;6000;80659692307,69
unevenstring;96;4;15;6000;80659692307,69
unevenstring;96;4;16;6000;80659692307,69
unevenstring;96;4;17;6000;80659692307,69
unevenstring;96;4;18;6000;80659692307,69
unevenstring;96;4;19;6000;80659692307,69
unevenstring;96;4;20;6000;79638683544,30
unevenstring;96;4;21;6000;79638683544,30
unevenstring;96;4;22;6000;79638683544,30
unevenstring;96;4;23;6000;79638683544,30
unevenstring;96;4;24;6000;79638683544,30
unevenstring;96;4;25;6000;80659692307,69
unevenstring;96;4;26;6000;80659692307,69
unevenstring;96;4;27;6000;80659692307,69
unevenstring;96;4;28;6000;80659692307,69
unevenstring;96;4;29;6000;80659692307,69
unevenstring;96;4;30;6000;80659692307,69
unevenstring;96;5;1;6000;95325090909,09
unevenstring;96;5;2;6000;93902328358,21
unevenstring;96;5;3;6000;93902328358,21
unevenstring;96;5;4;6000;93902328358,21
unevenstring;96;5;5;6000;93902328358,21
unevenstring;96;5;6;6000;93902328358,21
unevenstring;96;5;7;6000;93902328358,21
unevenstring;96;5;8;6000;95325090909,09
unevenstring;96;5;9;6000;95325090909,09
unevenstring;96;5;10;6000;93902328358,21
unevenstring;96;5;11;6000;95325090909,09
unevenstring;96;5;12;6000;95325090909,09
unevenstring;96;5;13;6000;95325090909,09
unevenstring;96;5;14;6000;95325090909,09
unevenstring;96;5;15;6000;95325090909,09
unevenstring;96;5;16;6000;93902328358,21
unevenstring;96;5;17;6000;93902328358,21
unevenstring;96;5;18;6000;93902328358,21
unevenstring;96;5;19;6000;93902328358,21
unevenstring;96;5;20;6000;93902328358,21
unevenstring;96;5;21;6000;93902328358,21
unevenstring;96;5;22;6000;93902328358,21
unevenstring;96;5;23;6000;93902328358,21
unevenstring;96;5;24;6000;95325090909,09
unevenstring;96;5;25;6000;95325090909,09
unevenstring;96;5;26;6000;95325090909,09
unevenstring;96;5;27;6000;95325090909,09
unevenstring;96;5;28;6000;95325090909,09
unevenstring;96;5;29;6000;93902328358,21
unevenstring;96;5;30;6000;95325090909,09
unevenstring;96;6;1;6000;108473379310,34
unevenstring;96;6;2;6000;106634847457,63
unevenstring;96;6;3;6000;106634847457,63
unevenstring;96;6;4;6000;106634847457,63
unevenstring;96;6;5;6000;108473379310,34
unevenstring;96;6;6;6000;108473379310,34
unevenstring;96;6;7;6000;108473379310,34
unevenstring;96;6;8;6000;108473379310,34
unevenstring;96;6;9;6000;108473379310,34
unevenstring;96;6;10;6000;108473379310,34
unevenstring;96;6;11;6000;108473379310,34
unevenstring;96;6;12;6000;108473379310,34
unevenstring;96;6;13;6000;108473379310,34
unevenstring;96;6;14;6000;108473379310,34
unevenstring;96;6;15;6000;108473379310,34
unevenstring;96;6;16;6000;108473379310,34
unevenstring;96;6;17;6000;108473379310,34
unevenstring;96;6;18;6000;108473379310,34
unevenstring;96;6;19;6000;108473379310,34
unevenstring;96;6;20;6000;108473379310,34
unevenstring;96;6;21;6000;108473379310,34
unevenstring;96;6;22;6000;108473379310,34
unevenstring;96;6;23;6000;108473379310,34
unevenstring;96;6;24;6000;108473379310,34
unevenstring;96;6;25;6000;108473379310,34
unevenstring;96;6;26;6000;108473379310,34
unevenstring;96;6;27;6000;108473379310,34
unevenstring;96;6;28;6000;108473379310,34
unevenstring;96;6;29;6000;108473379310,34
unevenstring;96;6;30;6000;108473379310,34
unevenstring;96;7;1;6000;120989538461,54
unevenstring;96;7;2;6000;120989538461,54
unevenstring;96;7;3;6000;120989538461,54
unevenstring;96;7;4;6000;120989538461,54
unevenstring;96;7;5;6000;118706716981,13
unevenstring;96;7;6;6000;118706716981,13
unevenstring;96;7;7;6000;120989538461,54
unevenstring;96;7;8;6000;120989538461,54
unevenstring;96;7;9;6000;120989538461,54
unevenstring;96;7;10;6000;120989538461,54
unevenstring;96;7;11;6000;120989538461,54
unevenstring;96;7;12;6000;120989538461,54
unevenstring;96;7;13;6000;120989538461,54
unevenstring;96;7;14;6000;120989538461,54
unevenstring;96;7;15;6000;120989538461,54
unevenstring;96;7;16;6000;120989538461,54
unevenstring;96;7;17;6000;120989538461,54
unevenstring;96;7;18;6000;120989538461,54
unevenstring;96;7;19;6000;118706716981,13
unevenstring;96;7;20;6000;120989538461,54
unevenstring;96;7;21;6000;118706716981,13
unevenstring;96;7;22;6000;120989538461,54
unevenstring;96;7;23;6000;120989538461,54
unevenstring;96;7;24;6000;120989538461,54
unevenstring;96;7;25;6000;120989538461,54
unevenstring;96;7;26;6000;120989538461,54
unevenstring;96;7;27;6000;120989538461,54
unevenstring;96;7;28;6000;120989538461,54
unevenstring;96;7;29;6000;120989538461,54
unevenstring;96;7;30;6000;120989538461,54
unevenstring;96;8;1;6000;133860765957,45
unevenstring;96;8;2;6000;131072000000,00
unevenstring;96;8;3;6000;133860765957,45
unevenstring;96;8;4;6000;133860765957,45
unevenstring;96;8;5;6000;133860765957,45
unevenstring;96;8;6;6000;133860765957,45
unevenstring;96;8;7;6000;133860765957,45
unevenstring;96;8;8;6000;133860765957,45
unevenstring;96;8;9;6000;131072000000,00
unevenstring;96;8;10;6000;131072000000,00
unevenstring;96;8;11;6000;131072000000,00
unevenstring;96;8;12;6000;133860765957,45
unevenstring;96;8;13;6000;131072000000,00
unevenstring;96;8;14;6000;131072000000,00
unevenstring;96;8;15;6000;131072000000,00
unevenstring;96;8;16;6000;133860765957,45
unevenstring;96;8;17;6000;131072000000,00
unevenstring;96;8;18;6000;133860765957,45
unevenstring;96;8;19;6000;133860765957,45
unevenstring;96;8;20;6000;133860765957,45
unevenstring;96;8;21;6000;133860765957,45
unevenstring;96;8;22;6000;131072000000,00
unevenstring;96;8;23;6000;131072000000,00
unevenstring;96;8;24;6000;133860765957,45
unevenstring;96;8;25;6000;133860765957,45
unevenstring;96;8;26;6000;131072000000,00
unevenstring;96;8;27;6000;133860765957,45
unevenstring;96;8;28;6000;131072000000,00
unevenstring;96;8;29;6000;131072000000,00
unevenstring;96;8;30;6000;133860765957,45
unevenstring;96;9;1;6000;139810133333,33
unevenstring;96;9;2;6000;139810133333,33
unevenstring;96;9;3;6000;139810133333,33
unevenstring;96;9;4;6000;139810133333,33
unevenstring;96;9;5;6000;139810133333,33
unevenstring;96;9;6;6000;139810133333,33
unevenstring;96;9;7;6000;139810133333,33
unevenstring;96;9;8;6000;139810133333,33
unevenstring;96;9;9;6000;139810133333,33
unevenstring;96;9;10;6000;139810133333,33
unevenstring;96;9;11;6000;139810133333,33
unevenstring;96;9;12;6000;139810133333,33
unevenstring;96;9;13;6000;139810133333,33
unevenstring;96;9;14;6000;139810133333,33
unevenstring;96;9;15;6000;139810133333,33
unevenstring;96;9;16;6000;139810133333,33
unevenstring;96;9;17;6000;139810133333,33
unevenstring;96;9;18;6000;139810133333,33
unevenstring;96;9;19;6000;139810133333,33
unevenstring;96;9;20;6000;139810133333,33
unevenstring;96;9;21;6000;139810133333,33
unevenstring;96;9;22;6000;139810133333,33
unevenstring;96;9;23;6000;139810133333,33
unevenstring;96;9;24;6000;139810133333,33
unevenstring;96;9;25;6000;139810133333,33
unevenstring;96;9;26;6000;139810133333,33
unevenstring;96;9;27;6000;139810133333,33
unevenstring;96;9;28;6000;139810133333,33
unevenstring;96;9;29;6000;139810133333,33
unevenstring;96;9;30;6000;139810133333,33
unevenstring;96;10;1;6000;149796571428,57
unevenstring;96;10;2;6000;149796571428,57
unevenstring;96;10;3;6000;149796571428,57
unevenstring;96;10;4;6000;149796571428,57
unevenstring;96;10;5;6000;149796571428,57
unevenstring;96;10;6;6000;149796571428,57
unevenstring;96;10;7;6000;149796571428,57
unevenstring;96;10;8;6000;146312930232,56
unevenstring;96;10;9;6000;149796571428,57
unevenstring;96;10;10;6000;149796571428,57
unevenstring;96;10;11;6000;149796571428,57
unevenstring;96;10;12;6000;149796571428,57
unevenstring;96;10;13;6000;149796571428,57
unevenstring;96;10;14;6000;146312930232,56
unevenstring;96;10;15;6000;149796571428,57
unevenstring;96;10;16;6000;146312930232,56
unevenstring;96;10;17;6000;146312930232,56
unevenstring;96;10;18;6000;149796571428,57
unevenstring;96;10;19;6000;146312930232,56
unevenstring;96;10;20;6000;149796571428,57
unevenstring;96;10;21;6000;146312930232,56
unevenstring;96;10;22;6000;149796571428,57
unevenstring;96;10;23;6000;149796571428,57
unevenstring;96;10;24;6000;146312930232,56
unevenstring;96;10;25;6000;149796571428,57
unevenstring;96;10;26;6000;149796571428,57
unevenstring;96;10;27;6000;149796571428,57
unevenstring;96;10;28;6000;149796571428,57
unevenstring;96;10;29;6000;149796571428,57
unevenstring;96;10;30;6000;149796571428,57
unevenstring;96;11;1;6000;153450146341,46
unevenstring;96;11;2;6000;153450146341,46
unevenstring;96;11;3;6000;153450146341,46
unevenstring;96;11;4;6000;153450146341,46
unevenstring;96;11;5;6000;153450146341,46
unevenstring;96;11;6;6000;153450146341,46
unevenstring;96;11;7;6000;153450146341,46
unevenstring;96;11;8;6000;153450146341,46
unevenstring;96;11;9;6000;153450146341,46
unevenstring;96;11;10;6000;149796571428,57
unevenstring;96;11;11;6000;153450146341,46
unevenstring;96;11;12;6000;153450146341,46
unevenstring;96;11;13;6000;153450146341,46
unevenstring;96;11;14;6000;153450146341,46
unevenstring;96;11;15;6000;149796571428,57
unevenstring;96;11;16;6000;153450146341,46
unevenstring;96;11;17;6000;153450146341,46
unevenstring;96;11;18;6000;153450146341,46
unevenstring;96;11;19;6000;153450146341,46
unevenstring;96;11;20;6000;149796571428,57
unevenstring;96;11;21;6000;153450146341,46
unevenstring;96;11;22;6000;153450146341,46
unevenstring;96;11;23;6000;153450146341,46
unevenstring;96;11;24;6000;153450146341,46
unevenstring;96;11;25;6000;153450146341,46
unevenstring;96;11;26;6000;153450146341,46
unevenstring;96;11;27;6000;153450146341,46
unevenstring;96;11;28;6000;153450146341,46
unevenstring;96;11;29;6000;153450146341,46
unevenstring;96;11;30;6000;153450146341,46
unevenstring;96;12;1;6000;161319384615,38
unevenstring;96;12;2;6000;161319384615,38
unevenstring;96;12;3;6000;157286400000,00
unevenstring;96;12;4;6000;161319384615,38
unevenstring;96;12;5;6000;157286400000,00
unevenstring;96;12;6;6000;157286400000,00
unevenstring;96;12;7;6000;161319384615,38
unevenstring;96;12;8;6000;161319384615,38
unevenstring;96;12;9;6000;161319384615,38
unevenstring;96;12;10;6000;161319384615,38
unevenstring;96;12;11;6000;161319384615,38
unevenstring;96;12;12;6000;161319384615,38
unevenstring;96;12;13;6000;161319384615,38
unevenstring;96;12;14;6000;161319384615,38
unevenstring;96;12;15;6000;161319384615,38
unevenstring;96;12;16;6000;161319384615,38
unevenstring;96;12;17;6000;161319384615,38
unevenstring;96;12;18;6000;161319384615,38
unevenstring;96;12;19;6000;161319384615,38
unevenstring;96;12;20;6000;161319384615,38
unevenstring;96;12;21;6000;161319384615,38
unevenstring;96;12;22;6000;161319384615,38
unevenstring;96;12;23;6000;161319384615,38
unevenstring;96;12;24;6000;161319384615,38
unevenstring;96;12;25;6000;161319384615,38
unevenstring;96;12;26;6000;161319384615,38
unevenstring;96;12;27;6000;161319384615,38
unevenstring;96;12;28;6000;157286400000,00
unevenstring;96;12;29;6000;161319384615,38
unevenstring;96;12;30;6000;157286400000,00
unevenstring;96;13;1;6000;161319384615,38
unevenstring;96;13;2;6000;161319384615,38
unevenstring;96;13;3;6000;161319384615,38
unevenstring;96;13;4;6000;161319384615,38
unevenstring;96;13;5;6000;161319384615,38
unevenstring;96;13;6;6000;161319384615,38
unevenstring;96;13;7;6000;161319384615,38
unevenstring;96;13;8;6000;161319384615,38
unevenstring;96;13;9;6000;161319384615,38
unevenstring;96;13;10;6000;161319384615,38
unevenstring;96;13;11;6000;161319384615,38
unevenstring;96;13;12;6000;165564631578,95
unevenstring;96;13;13;6000;165564631578,95
unevenstring;96;13;14;6000;161319384615,38
unevenstring;96;13;15;6000;161319384615,38
unevenstring;96;13;16;6000;161319384615,38
unevenstring;96;13;17;6000;161319384615,38
unevenstring;96;13;18;6000;161319384615,38
unevenstring;96;13;19;6000;161319384615,38
unevenstring;96;13;20;6000;161319384615,38
unevenstring;96;13;21;6000;161319384615,38
unevenstring;96;13;22;6000;161319384615,38
unevenstring;96;13;23;6000;161319384615,38
unevenstring;96;13;24;6000;161319384615,38
unevenstring;96;13;25;6000;161319384615,38
unevenstring;96;13;26;6000;161319384615,38
unevenstring;96;13;27;6000;161319384615,38
unevenstring;96;13;28;6000;161319384615,38
unevenstring;96;13;29;6000;161319384615,38
unevenstring;96;13;30;6000;161319384615,38
unevenstring;96;14;1;6000;161319384615,38
unevenstring;96;14;2;6000;161319384615,38
unevenstring;96;14;3;6000;161319384615,38
unevenstring;96;14;4;6000;161319384615,38
unevenstring;96;14;5;6000;165564631578,95
unevenstring;96;14;6;6000;165564631578,95
unevenstring;96;14;7;6000;165564631578,95
unevenstring;96;14;8;6000;165564631578,95
unevenstring;96;14;9;6000;165564631578,95
unevenstring;96;14;10;6000;165564631578,95
unevenstring;96;14;11;6000;165564631578,95
unevenstring;96;14;12;6000;165564631578,95
unevenstring;96;14;13;6000;161319384615,38
unevenstring;96;14;14;6000;161319384615,38
unevenstring;96;14;15;6000;161319384615,38
unevenstring;96;14;16;6000;161319384615,38
unevenstring;96;14;17;6000;161319384615,38
unevenstring;96;14;18;6000;157286400000,00
unevenstring;96;14;19;6000;157286400000,00
unevenstring;96;14;20;6000;161319384615,38
unevenstring;96;14;21;6000;161319384615,38
unevenstring;96;14;22;6000;161319384615,38
unevenstring;96;14;23;6000;161319384615,38
unevenstring;96;14;24;6000;161319384615,38
unevenstring;96;14;25;6000;161319384615,38
unevenstring;96;14;26;6000;161319384615,38
unevenstring;96;14;27;6000;161319384615,38
unevenstring;96;14;28;6000;161319384615,38
unevenstring;96;14;29;6000;161319384615,38
unevenstring;96;14;30;6000;165564631578,95
unevenstring;96;15;1;6000;161319384615,38
unevenstring;96;15;2;6000;161319384615,38
unevenstring;96;15;3;6000;165564631578,95
unevenstring;96;15;4;6000;165564631578,95
unevenstring;96;15;5;6000;165564631578,95
unevenstring;96;15;6;6000;161319384615,38
unevenstring;96;15;7;6000;161319384615,38
unevenstring;96;15;8;6000;161319384615,38
unevenstring;96;15;9;6000;161319384615,38
unevenstring;96;15;10;6000;161319384615,38
unevenstring;96;15;11;6000;161319384615,38
unevenstring;96;15;12;6000;157286400000,00
unevenstring;96;15;13;6000;157286400000,00
unevenstring;96;15;14;6000;157286400000,00
unevenstring;96;15;15;6000;157286400000,00
unevenstring;96;15;16;6000;157286400000,00
unevenstring;96;15;17;6000;161319384615,38
unevenstring;96;15;18;6000;157286400000,00
unevenstring;96;15;19;6000;157286400000,00
unevenstring;96;15;20;6000;161319384615,38
unevenstring;96;15;21;6000;161319384615,38
unevenstring;96;15;22;6000;161319384615,38
unevenstring;96;15;23;6000;161319384615,38
unevenstring;96;15;24;6000;161319384615,38
unevenstring;96;15;25;6000;165564631578,95
unevenstring;96;15;26;6000;165564631578,95
unevenstring;96;15;27;6000;161319384615,38
unevenstring;96;15;28;6000;161319384615,38
unevenstring;96;15;29;6000;165564631578,95
unevenstring;96;15;30;6000;165564631578,95
unevenstring;96;16;1;6000;170039351351,35
unevenstring;96;16;2;6000;170039351351,35
unevenstring;96;16;3;6000;165564631578,95
unevenstring;96;16;4;6000;165564631578,95
unevenstring;96;16;5;6000;161319384615,38
unevenstring;96;16;6;6000;161319384615,38
unevenstring;96;16;7;6000;165564631578,95
unevenstring;96;16;8;6000;165564631578,95
unevenstring;96;16;9;6000;165564631578,95
unevenstring;96;16;10;6000;165564631578,95
unevenstring;96;16;11;6000;165564631578,95
unevenstring;96;16;12;6000;165564631578,95
unevenstring;96;16;13;6000;165564631578,95
unevenstring;96;16;14;6000;165564631578,95
unevenstring;96;16;15;6000;165564631578,95
unevenstring;96;16;16;6000;165564631578,95
unevenstring;96;16;17;6000;165564631578,95
unevenstring;96;16;18;6000;165564631578,95
unevenstring;96;16;19;6000;165564631578,95
unevenstring;96;16;20;6000;165564631578,95
unevenstring;96;16;21;6000;165564631578,95
unevenstring;96;16;22;6000;165564631578,95
unevenstring;96;16;23;6000;165564631578,95
unevenstring;96;16;24;6000;165564631578,95
unevenstring;96;16;25;6000;170039351351,35
unevenstring;96;16;26;6000;165564631578,95
unevenstring;96;16;27;6000;170039351351,35
unevenstring;96;16;28;6000;170039351351,35
unevenstring;96;16;29;6000;165564631578,95
unevenstring;96;16;30;6000;165564631578,95
unevenstring;96;1;1;8000;19972876190,48
unevenstring;96;1;2;8000;20460019512,20
unevenstring;96;1;3;8000;20510044009,78
unevenstring;96;1;4;8000;20560313725,49
unevenstring;96;1;5;8000;20560313725,49
unevenstring;96;1;6;8000;20560313725,49
unevenstring;96;1;7;8000;20560313725,49
unevenstring;96;1;8;8000;20560313725,49
unevenstring;96;1;9;8000;20560313725,49
unevenstring;96;1;10;8000;20560313725,49
unevenstring;96;1;11;8000;20560313725,49
unevenstring;96;1;12;8000;20560313725,49
unevenstring;96;1;13;8000;20560313725,49
unevenstring;96;1;14;8000;20560313725,49
unevenstring;96;1;15;8000;20560313725,49
unevenstring;96;1;16;8000;20560313725,49
unevenstring;96;1;17;8000;20610830466,83
unevenstring;96;1;18;8000;20661596059,11
unevenstring;96;1;19;8000;20610830466,83
unevenstring;96;1;20;8000;20610830466,83
unevenstring;96;1;21;8000;20610830466,83
unevenstring;96;1;22;8000;20661596059,11
unevenstring;96;1;23;8000;20661596059,11
unevenstring;96;1;24;8000;20610830466,83
unevenstring;96;1;25;8000;20610830466,83
unevenstring;96;1;26;8000;20661596059,11
unevenstring;96;1;27;8000;20661596059,11
unevenstring;96;1;28;8000;20661596059,11
unevenstring;96;1;29;8000;20661596059,11
unevenstring;96;1;30;8000;20661596059,11
unevenstring;96;2;1;8000;37282702222,22
unevenstring;96;2;2;8000;37117734513,27
unevenstring;96;2;3;8000;37117734513,27
unevenstring;96;2;4;8000;37117734513,27
unevenstring;96;2;5;8000;37117734513,27
unevenstring;96;2;6;8000;37117734513,27
unevenstring;96;2;7;8000;37117734513,27
unevenstring;96;2;8;8000;37117734513,27
unevenstring;96;2;9;8000;37117734513,27
unevenstring;96;2;10;8000;37117734513,27
unevenstring;96;2;11;8000;37117734513,27
unevenstring;96;2;12;8000;37117734513,27
unevenstring;96;2;13;8000;37117734513,27
unevenstring;96;2;14;8000;37117734513,27
unevenstring;96;2;15;8000;37117734513,27
unevenstring;96;2;16;8000;37117734513,27
unevenstring;96;2;17;8000;36954220264,32
unevenstring;96;2;18;8000;37117734513,27
unevenstring;96;2;19;8000;37117734513,27
unevenstring;96;2;20;8000;37117734513,27
unevenstring;96;2;21;8000;37117734513,27
unevenstring;96;2;22;8000;37117734513,27
unevenstring;96;2;23;8000;37117734513,27
unevenstring;96;2;24;8000;37117734513,27
unevenstring;96;2;25;8000;37117734513,27
unevenstring;96;2;26;8000;37117734513,27
unevenstring;96;2;27;8000;37117734513,27
unevenstring;96;2;28;8000;37117734513,27
unevenstring;96;2;29;8000;37117734513,27
unevenstring;96;2;30;8000;37117734513,27
unevenstring;96;3;1;8000;51150048780,49
unevenstring;96;3;2;8000;51150048780,49
unevenstring;96;3;3;8000;51150048780,49
unevenstring;96;3;4;8000;51150048780,49
unevenstring;96;3;5;8000;51150048780,49
unevenstring;96;3;6;8000;50533783132,53
unevenstring;96;3;7;8000;51150048780,49
unevenstring;96;3;8;8000;51150048780,49
unevenstring;96;3;9;8000;51150048780,49
unevenstring;96;3;10;8000;51150048780,49
unevenstring;96;3;11;8000;51150048780,49
unevenstring;96;3;12;8000;50840048484,85
unevenstring;96;3;13;8000;51150048780,49
unevenstring;96;3;14;8000;51150048780,49
unevenstring;96;3;15;8000;51150048780,49
unevenstring;96;3;16;8000;51150048780,49
unevenstring;96;3;17;8000;51150048780,49
unevenstring;96;3;18;8000;50840048484,85
unevenstring;96;3;19;8000;51150048780,49
unevenstring;96;3;20;8000;51150048780,49
unevenstring;96;3;21;8000;51150048780,49
unevenstring;96;3;22;8000;51150048780,49
unevenstring;96;3;23;8000;51150048780,49
unevenstring;96;3;24;8000;50840048484,85
unevenstring;96;3;25;8000;51150048780,49
unevenstring;96;3;26;8000;51150048780,49
unevenstring;96;3;27;8000;51150048780,49
unevenstring;96;3;28;8000;51150048780,49
unevenstring;96;3;29;8000;51150048780,49
unevenstring;96;3;30;8000;50840048484,85
unevenstring;96;4;1;8000;61680941176,47
unevenstring;96;4;2;8000;61680941176,47
unevenstring;96;4;3;8000;62137837037,04
unevenstring;96;4;4;8000;62601552238,81
unevenstring;96;4;5;8000;62601552238,81
unevenstring;96;4;6;8000;62137837037,04
unevenstring;96;4;7;8000;62137837037,04
unevenstring;96;4;8;8000;61680941176,47
unevenstring;96;4;9;8000;61680941176,47
unevenstring;96;4;10;8000;61680941176,47
unevenstring;96;4;11;8000;62137837037,04
unevenstring;96;4;12;8000;62137837037,04
unevenstring;96;4;13;8000;62137837037,04
unevenstring;96;4;14;8000;62137837037,04
unevenstring;96;4;15;8000;62137837037,04
unevenstring;96;4;16;8000;61680941176,47
unevenstring;96;4;17;8000;61680941176,47
unevenstring;96;4;18;8000;61680941176,47
unevenstring;96;4;19;8000;62137837037,04
unevenstring;96;4;20;8000;62137837037,04
unevenstring;96;4;21;8000;62137837037,04
unevenstring;96;4;22;8000;62137837037,04
unevenstring;96;4;23;8000;61680941176,47
unevenstring;96;4;24;8000;62137837037,04
unevenstring;96;4;25;8000;61680941176,47
unevenstring;96;4;26;8000;62137837037,04
unevenstring;96;4;27;8000;62137837037,04
unevenstring;96;4;28;8000;62137837037,04
unevenstring;96;4;29;8000;62137837037,04
unevenstring;96;4;30;8000;62137837037,04
unevenstring;96;5;1;8000;71697504273,50
unevenstring;96;5;2;8000;71697504273,50
unevenstring;96;5;3;8000;71697504273,50
unevenstring;96;5;4;8000;71697504273,50
unevenstring;96;5;5;8000;71089898305,08
unevenstring;96;5;6;8000;71697504273,50
unevenstring;96;5;7;8000;71697504273,50
unevenstring;96;5;8;8000;71089898305,08
unevenstring;96;5;9;8000;71089898305,08
unevenstring;96;5;10;8000;71697504273,50
unevenstring;96;5;11;8000;71697504273,50
unevenstring;96;5;12;8000;71697504273,50
unevenstring;96;5;13;8000;71697504273,50
unevenstring;96;5;14;8000;71697504273,50
unevenstring;96;5;15;8000;71697504273,50
unevenstring;96;5;16;8000;71089898305,08
unevenstring;96;5;17;8000;71697504273,50
unevenstring;96;5;18;8000;71089898305,08
unevenstring;96;5;19;8000;71697504273,50
unevenstring;96;5;20;8000;71697504273,50
unevenstring;96;5;21;8000;71697504273,50
unevenstring;96;5;22;8000;71697504273,50
unevenstring;96;5;23;8000;71697504273,50
unevenstring;96;5;24;8000;71697504273,50
unevenstring;96;5;25;8000;71697504273,50
unevenstring;96;5;26;8000;71089898305,08
unevenstring;96;5;27;8000;71697504273,50
unevenstring;96;5;28;8000;71089898305,08
unevenstring;96;5;29;8000;71697504273,50
unevenstring;96;5;30;8000;71697504273,50
unevenstring;96;6;1;8000;79137811320,75
unevenstring;96;6;2;8000;79137811320,75
unevenstring;96;6;3;8000;78398205607,48
unevenstring;96;6;4;8000;79137811320,75
unevenstring;96;6;5;8000;79137811320,75
unevenstring;96;6;6;8000;79137811320,75
unevenstring;96;6;7;8000;79137811320,75
unevenstring;96;6;8;8000;79137811320,75
unevenstring;96;6;9;8000;79137811320,75
unevenstring;96;6;10;8000;78398205607,48
unevenstring;96;6;11;8000;79137811320,75
unevenstring;96;6;12;8000;79137811320,75
unevenstring;96;6;13;8000;79137811320,75
unevenstring;96;6;14;8000;79891504761,90
unevenstring;96;6;15;8000;79891504761,90
unevenstring;96;6;16;8000;79137811320,75
unevenstring;96;6;17;8000;79891504761,90
unevenstring;96;6;18;8000;79137811320,75
unevenstring;96;6;19;8000;79137811320,75
unevenstring;96;6;20;8000;79137811320,75
unevenstring;96;6;21;8000;79137811320,75
unevenstring;96;6;22;8000;79137811320,75
unevenstring;96;6;23;8000;79137811320,75
unevenstring;96;6;24;8000;79137811320,75
unevenstring;96;6;25;8000;79891504761,90
unevenstring;96;6;26;8000;79137811320,75
unevenstring;96;6;27;8000;79137811320,75
unevenstring;96;6;28;8000;79137811320,75
unevenstring;96;6;29;8000;79137811320,75
unevenstring;96;6;30;8000;79137811320,75
unevenstring;96;7;1;8000;89240510638,30
unevenstring;96;7;2;8000;89240510638,30
unevenstring;96;7;3;8000;89240510638,30
unevenstring;96;7;4;8000;89240510638,30
unevenstring;96;7;5;8000;89240510638,30
unevenstring;96;7;6;8000;89240510638,30
unevenstring;96;7;7;8000;90200086021,51
unevenstring;96;7;8;8000;90200086021,51
unevenstring;96;7;9;8000;90200086021,51
unevenstring;96;7;10;8000;90200086021,51
unevenstring;96;7;11;8000;90200086021,51
unevenstring;96;7;12;8000;90200086021,51
unevenstring;96;7;13;8000;89240510638,30
unevenstring;96;7;14;8000;90200086021,51
unevenstring;96;7;15;8000;90200086021,51
unevenstring;96;7;16;8000;90200086021,51
unevenstring;96;7;17;8000;89240510638,30
unevenstring;96;7;18;8000;89240510638,30
unevenstring;96;7;19;8000;90200086021,51
unevenstring;96;7;20;8000;89240510638,30
unevenstring;96;7;21;8000;90200086021,51
unevenstring;96;7;22;8000;89240510638,30
unevenstring;96;7;23;8000;89240510638,30
unevenstring;96;7;24;8000;90200086021,51
unevenstring;96;7;25;8000;89240510638,30
unevenstring;96;7;26;8000;89240510638,30
unevenstring;96;7;27;8000;89240510638,30
unevenstring;96;7;28;8000;90200086021,51
unevenstring;96;7;29;8000;90200086021,51
unevenstring;96;7;30;8000;89240510638,30
unevenstring;96;8;1;8000;96420781609,20
unevenstring;96;8;2;8000;97541953488,37
unevenstring;96;8;3;8000;96420781609,20
unevenstring;96;8;4;8000;97541953488,37
unevenstring;96;8;5;8000;96420781609,20
unevenstring;96;8;6;8000;96420781609,20
unevenstring;96;8;7;8000;97541953488,37
unevenstring;96;8;8;8000;97541953488,37
unevenstring;96;8;9;8000;97541953488,37
unevenstring;96;8;10;8000;97541953488,37
unevenstring;96;8;11;8000;97541953488,37
unevenstring;96;8;12;8000;97541953488,37
unevenstring;96;8;13;8000;96420781609,20
unevenstring;96;8;14;8000;97541953488,37
unevenstring;96;8;15;8000;96420781609,20
unevenstring;96;8;16;8000;97541953488,37
unevenstring;96;8;17;8000;97541953488,37
unevenstring;96;8;18;8000;96420781609,20
unevenstring;96;8;19;8000;97541953488,37
unevenstring;96;8;20;8000;97541953488,37
unevenstring;96;8;21;8000;97541953488,37
unevenstring;96;8;22;8000;96420781609,20
unevenstring;96;8;23;8000;96420781609,20
unevenstring;96;8;24;8000;97541953488,37
unevenstring;96;8;25;8000;97541953488,37
unevenstring;96;8;26;8000;97541953488,37
unevenstring;96;8;27;8000;97541953488,37
unevenstring;96;8;28;8000;96420781609,20
unevenstring;96;8;29;8000;97541953488,37
unevenstring;96;8;30;8000;96420781609,20
unevenstring;96;9;1;8000;113359567567,57
unevenstring;96;9;2;8000;111848106666,67
unevenstring;96;9;3;8000;111848106666,67
unevenstring;96;9;4;8000;110376421052,63
unevenstring;96;9;5;8000;111848106666,67
unevenstring;96;9;6;8000;111848106666,67
unevenstring;96;9;7;8000;113359567567,57
unevenstring;96;9;8;8000;111848106666,67
unevenstring;96;9;9;8000;111848106666,67
unevenstring;96;9;10;8000;111848106666,67
unevenstring;96;9;11;8000;111848106666,67
unevenstring;96;9;12;8000;111848106666,67
unevenstring;96;9;13;8000;110376421052,63
unevenstring;96;9;14;8000;110376421052,63
unevenstring;96;9;15;8000;111848106666,67
unevenstring;96;9;16;8000;111848106666,67
unevenstring;96;9;17;8000;111848106666,67
unevenstring;96;9;18;8000;111848106666,67
unevenstring;96;9;19;8000;111848106666,67
unevenstring;96;9;20;8000;111848106666,67
unevenstring;96;9;21;8000;110376421052,63
unevenstring;96;9;22;8000;111848106666,67
unevenstring;96;9;23;8000;113359567567,57
unevenstring;96;9;24;8000;111848106666,67
unevenstring;96;9;25;8000;111848106666,67
unevenstring;96;9;26;8000;110376421052,63
unevenstring;96;9;27;8000;110376421052,63
unevenstring;96;9;28;8000;110376421052,63
unevenstring;96;9;29;8000;111848106666,67
unevenstring;96;9;30;8000;111848106666,67
unevenstring;96;10;1;8000;118149408450,70
unevenstring;96;10;2;8000;116508444444,44
unevenstring;96;10;3;8000;116508444444,44
unevenstring;96;10;4;8000;118149408450,70
unevenstring;96;10;5;8000;118149408450,70
unevenstring;96;10;6;8000;116508444444,44
unevenstring;96;10;7;8000;118149408450,70
unevenstring;96;10;8;8000;118149408450,70
unevenstring;96;10;9;8000;116508444444,44
unevenstring;96;10;10;8000;118149408450,70
unevenstring;96;10;11;8000;116508444444,44
unevenstring;96;10;12;8000;118149408450,70
unevenstring;96;10;13;8000;118149408450,70
unevenstring;96;10;14;8000;116508444444,44
unevenstring;96;10;15;8000;118149408450,70
unevenstring;96;10;16;8000;118149408450,70
unevenstring;96;10;17;8000;116508444444,44
unevenstring;96;10;18;8000;116508444444,44
unevenstring;96;10;19;8000;118149408450,70
unevenstring;96;10;20;8000;116508444444,44
unevenstring;96;10;21;8000;118149408450,70
unevenstring;96;10;22;8000;118149408450,70
unevenstring;96;10;23;8000;116508444444,44
unevenstring;96;10;24;8000;118149408450,70
unevenstring;96;10;25;8000;118149408450,70
unevenstring;96;10;26;8000;118149408450,70
unevenstring;96;10;27;8000;118149408450,70
unevenstring;96;10;28;8000;118149408450,70
unevenstring;96;10;29;8000;116508444444,44
unevenstring;96;10;30;8000;118149408450,70
unevenstring;96;11;1;8000;108942961038,96
unevenstring;96;11;2;8000;110376421052,63
unevenstring;96;11;3;8000;108942961038,96
unevenstring;96;11;4;8000;110376421052,63
unevenstring;96;11;5;8000;110376421052,63
unevenstring;96;11;6;8000;110376421052,63
unevenstring;96;11;7;8000;108942961038,96
unevenstring;96;11;8;8000;110376421052,63
unevenstring;96;11;9;8000;110376421052,63
unevenstring;96;11;10;8000;110376421052,63
unevenstring;96;11;11;8000;110376421052,63
unevenstring;96;11;12;8000;108942961038,96
unevenstring;96;11;13;8000;108942961038,96
unevenstring;96;11;14;8000;108942961038,96
unevenstring;96;11;15;8000;108942961038,96
unevenstring;96;11;16;8000;108942961038,96
unevenstring;96;11;17;8000;108942961038,96
unevenstring;96;11;18;8000;110376421052,63
unevenstring;96;11;19;8000;110376421052,63
unevenstring;96;11;20;8000;110376421052,63
unevenstring;96;11;21;8000;110376421052,63
unevenstring;96;11;22;8000;110376421052,63
unevenstring;96;11;23;8000;110376421052,63
unevenstring;96;11;24;8000;108942961038,96
unevenstring;96;11;25;8000;108942961038,96
unevenstring;96;11;26;8000;110376421052,63
unevenstring;96;11;27;8000;108942961038,96
unevenstring;96;11;28;8000;110376421052,63
unevenstring;96;11;29;8000;108942961038,96
unevenstring;96;11;30;8000;110376421052,63
unevenstring;96;12;1;8000;114912438356,16
unevenstring;96;12;2;8000;114912438356,16
unevenstring;96;12;3;8000;113359567567,57
unevenstring;96;12;4;8000;113359567567,57
unevenstring;96;12;5;8000;111848106666,67
unevenstring;96;12;6;8000;113359567567,57
unevenstring;96;12;7;8000;114912438356,16
unevenstring;96;12;8;8000;113359567567,57
unevenstring;96;12;9;8000;113359567567,57
unevenstring;96;12;10;8000;113359567567,57
unevenstring;96;12;11;8000;114912438356,16
unevenstring;96;12;12;8000;113359567567,57
unevenstring;96;12;13;8000;114912438356,16
unevenstring;96;12;14;8000;114912438356,16
unevenstring;96;12;15;8000;114912438356,16
unevenstring;96;12;16;8000;113359567567,57
unevenstring;96;12;17;8000;113359567567,57
unevenstring;96;12;18;8000;114912438356,16
unevenstring;96;12;19;8000;114912438356,16
unevenstring;96;12;20;8000;113359567567,57
unevenstring;96;12;21;8000;114912438356,16
unevenstring;96;12;22;8000;113359567567,57
unevenstring;96;12;23;8000;114912438356,16
unevenstring;96;12;24;8000;114912438356,16
unevenstring;96;12;25;8000;114912438356,16
unevenstring;96;12;26;8000;114912438356,16
unevenstring;96;12;27;8000;110376421052,63
unevenstring;96;12;28;8000;114912438356,16
unevenstring;96;12;29;8000;113359567567,57
unevenstring;96;12;30;8000;114912438356,16
unevenstring;96;13;1;8000;131072000000,00
unevenstring;96;13;2;8000;131072000000,00
unevenstring;96;13;3;8000;131072000000,00
unevenstring;96;13;4;8000;131072000000,00
unevenstring;96;13;5;8000;131072000000,00
unevenstring;96;13;6;8000;129055507692,31
unevenstring;96;13;7;8000;131072000000,00
unevenstring;96;13;8;8000;129055507692,31
unevenstring;96;13;9;8000;129055507692,31
unevenstring;96;13;10;8000;129055507692,31
unevenstring;96;13;11;8000;131072000000,00
unevenstring;96;13;12;8000;129055507692,31
unevenstring;96;13;13;8000;131072000000,00
unevenstring;96;13;14;8000;131072000000,00
unevenstring;96;13;15;8000;129055507692,31
unevenstring;96;13;16;8000;129055507692,31
unevenstring;96;13;17;8000;129055507692,31
unevenstring;96;13;18;8000;127100121212,12
unevenstring;96;13;19;8000;127100121212,12
unevenstring;96;13;20;8000;129055507692,31
unevenstring;96;13;21;8000;129055507692,31
unevenstring;96;13;22;8000;129055507692,31
unevenstring;96;13;23;8000;129055507692,31
unevenstring;96;13;24;8000;129055507692,31
unevenstring;96;13;25;8000;129055507692,31
unevenstring;96;13;26;8000;129055507692,31
unevenstring;96;13;27;8000;127100121212,12
unevenstring;96;13;28;8000;129055507692,31
unevenstring;96;13;29;8000;127100121212,12
unevenstring;96;13;30;8000;129055507692,31
unevenstring;96;14;1;8000;118149408450,70
unevenstring;96;14;2;8000;119837257142,86
unevenstring;96;14;3;8000;119837257142,86
unevenstring;96;14;4;8000;118149408450,70
unevenstring;96;14;5;8000;116508444444,44
unevenstring;96;14;6;8000;118149408450,70
unevenstring;96;14;7;8000;119837257142,86
unevenstring;96;14;8;8000;119837257142,86
unevenstring;96;14;9;8000;119837257142,86
unevenstring;96;14;10;8000;119837257142,86
unevenstring;96;14;11;8000;118149408450,70
unevenstring;96;14;12;8000;119837257142,86
unevenstring;96;14;13;8000;119837257142,86
unevenstring;96;14;14;8000;119837257142,86
unevenstring;96;14;15;8000;119837257142,86
unevenstring;96;14;16;8000;119837257142,86
unevenstring;96;14;17;8000;119837257142,86
unevenstring;96;14;18;8000;119837257142,86
unevenstring;96;14;19;8000;119837257142,86
unevenstring;96;14;20;8000;119837257142,86
unevenstring;96;14;21;8000;119837257142,86
unevenstring;96;14;22;8000;119837257142,86
unevenstring;96;14;23;8000;121574028985,51
unevenstring;96;14;24;8000;119837257142,86
unevenstring;96;14;25;8000;119837257142,86
unevenstring;96;14;26;8000;119837257142,86
unevenstring;96;14;27;8000;119837257142,86
unevenstring;96;14;28;8000;119837257142,86
unevenstring;96;14;29;8000;118149408450,70
unevenstring;96;14;30;8000;119837257142,86
unevenstring;96;15;1;8000;121574028985,51
unevenstring;96;15;2;8000;119837257142,86
unevenstring;96;15;3;8000;121574028985,51
unevenstring;96;15;4;8000;119837257142,86
unevenstring;96;15;5;8000;119837257142,86
unevenstring;96;15;6;8000;119837257142,86
unevenstring;96;15;7;8000;121574028985,51
unevenstring;96;15;8;8000;121574028985,51
unevenstring;96;15;9;8000;119837257142,86
unevenstring;96;15;10;8000;121574028985,51
unevenstring;96;15;11;8000;119837257142,86
unevenstring;96;15;12;8000;119837257142,86
unevenstring;96;15;13;8000;121574028985,51
unevenstring;96;15;14;8000;121574028985,51
unevenstring;96;15;15;8000;119837257142,86
unevenstring;96;15;16;8000;119837257142,86
unevenstring;96;15;17;8000;121574028985,51
unevenstring;96;15;18;8000;119837257142,86
unevenstring;96;15;19;8000;121574028985,51
unevenstring;96;15;20;8000;119837257142,86
unevenstring;96;15;21;8000;121574028985,51
unevenstring;96;15;22;8000;119837257142,86
unevenstring;96;15;23;8000;119837257142,86
unevenstring;96;15;24;8000;121574028985,51
unevenstring;96;15;25;8000;119837257142,86
unevenstring;96;15;26;8000;121574028985,51
unevenstring;96;15;27;8000;119837257142,86
unevenstring;96;15;28;8000;121574028985,51
unevenstring;96;15;29;8000;119837257142,86
unevenstring;96;15;30;8000;119837257142,86
unevenstring;96;16;1;8000;123361882352,94
unevenstring;96;16;2;8000;121574028985,51
unevenstring;96;16;3;8000;123361882352,94
unevenstring;96;16;4;8000;121574028985,51
unevenstring;96;16;5;8000;123361882352,94
unevenstring;96;16;6;8000;123361882352,94
unevenstring;96;16;7;8000;123361882352,94
unevenstring;96;16;8;8000;123361882352,94
unevenstring;96;16;9;8000;123361882352,94
unevenstring;96;16;10;8000;123361882352,94
unevenstring;96;16;11;8000;123361882352,94
unevenstring;96;16;12;8000;123361882352,94
unevenstring;96;16;13;8000;123361882352,94
unevenstring;96;16;14;8000;121574028985,51
unevenstring;96;16;15;8000;123361882352,94
unevenstring;96;16;16;8000;121574028985,51
unevenstring;96;16;17;8000;123361882352,94
unevenstring;96;16;18;8000;121574028985,51
unevenstring;96;16;19;8000;121574028985,51
unevenstring;96;16;20;8000;123361882352,94
unevenstring;96;16;21;8000;123361882352,94
unevenstring;96;16;22;8000;121574028985,51
unevenstring;96;16;23;8000;123361882352,94
unevenstring;96;16;24;8000;121574028985,51
unevenstring;96;16;25;8000;123361882352,94
unevenstring;96;16;26;8000;123361882352,94
unevenstring;96;16;27;8000;123361882352,94
unevenstring;96;16;28;8000;123361882352,94
unevenstring;96;16;29;8000;123361882352,94
unevenstring;96;16;30;8000;123361882352,94
