stringa cercata;thread per blocco;ripetizione;dimensione file;throughput
abracadabra;32;1;3000;39321600000,00
abracadabra;32;2;3000;39819341772,15
abracadabra;32;3;3000;39819341772,15
abracadabra;32;4;3000;40329846153,85
abracadabra;32;5;3000;40853610389,61
abracadabra;32;6;3000;40329846153,85
abracadabra;32;7;3000;40329846153,85
abracadabra;32;8;3000;40853610389,61
abracadabra;32;9;3000;40853610389,61
abracadabra;32;10;3000;35345258426,97
abracadabra;32;11;3000;32430185567,01
abracadabra;32;12;3000;32768000000,00
abracadabra;32;13;3000;35746909090,91
abracadabra;32;14;3000;39819341772,15
abracadabra;32;15;3000;40853610389,61
abracadabra;32;16;3000;40853610389,61
abracadabra;32;17;3000;41391157894,74
abracadabra;32;18;3000;41391157894,74
abracadabra;32;19;3000;41943040000,00
abracadabra;32;20;3000;41943040000,00
abracadabra;32;21;3000;40853610389,61
abracadabra;32;22;3000;39321600000,00
abracadabra;32;23;3000;37900337349,40
abracadabra;32;24;3000;36578232558,14
abracadabra;32;25;3000;37449142857,14
abracadabra;32;26;3000;39321600000,00
abracadabra;32;27;3000;39819341772,15
abracadabra;32;28;3000;40853610389,61
abracadabra;32;29;3000;41943040000,00
abracadabra;32;30;3000;41943040000,00
abracadabra;64;1;3000;74898285714,29
abracadabra;64;2;3000;73156465116,28
abracadabra;64;3;3000;73156465116,28
abracadabra;64;4;3000;73156465116,28
abracadabra;64;5;3000;71493818181,82
abracadabra;64;6;3000;68385391304,35
abracadabra;64;7;3000;66930382978,72
abracadabra;64;8;3000;65536000000,00
abracadabra;64;9;3000;64198530612,24
abracadabra;64;10;3000;62914560000,00
abracadabra;64;11;3000;64198530612,24
abracadabra;64;12;3000;64198530612,24
abracadabra;64;13;3000;68385391304,35
abracadabra;64;14;3000;66930382978,72
abracadabra;64;15;3000;66930382978,72
abracadabra;64;16;3000;64198530612,24
abracadabra;64;17;3000;66930382978,72
abracadabra;64;18;3000;69905066666,67
abracadabra;64;19;3000;74898285714,29
abracadabra;64;20;3000;73156465116,28
abracadabra;64;21;3000;73156465116,28
abracadabra;64;22;3000;73156465116,28
abracadabra;64;23;3000;71493818181,82
abracadabra;64;24;3000;71493818181,82
abracadabra;64;25;3000;71493818181,82
abracadabra;64;26;3000;69905066666,67
abracadabra;64;27;3000;68385391304,35
abracadabra;64;28;3000;66930382978,72
abracadabra;64;29;3000;68385391304,35
abracadabra;64;30;3000;69905066666,67
abracadabra;96;1;3000;68385391304,35
abracadabra;96;2;3000;69905066666,67
abracadabra;96;3;3000;69905066666,67
abracadabra;96;4;3000;69905066666,67
abracadabra;96;5;3000;69905066666,67
abracadabra;96;6;3000;68385391304,35
abracadabra;96;7;3000;69905066666,67
abracadabra;96;8;3000;68385391304,35
abracadabra;96;9;3000;71493818181,82
abracadabra;96;10;3000;73156465116,28
abracadabra;96;11;3000;73156465116,28
abracadabra;96;12;3000;74898285714,29
abracadabra;96;13;3000;74898285714,29
abracadabra;96;14;3000;73156465116,28
abracadabra;96;15;3000;73156465116,28
abracadabra;96;16;3000;73156465116,28
abracadabra;96;17;3000;73156465116,28
abracadabra;96;18;3000;71493818181,82
abracadabra;96;19;3000;69905066666,67
abracadabra;96;20;3000;69905066666,67
abracadabra;96;21;3000;69905066666,67
abracadabra;96;22;3000;69905066666,67
abracadabra;96;23;3000;69905066666,67
abracadabra;96;24;3000;69905066666,67
abracadabra;96;25;3000;69905066666,67
abracadabra;96;26;3000;69905066666,67
abracadabra;96;27;3000;68385391304,35
abracadabra;96;28;3000;69905066666,67
abracadabra;96;29;3000;69905066666,67
abracadabra;96;30;3000;71493818181,82
abracadabra;128;1;3000;71493818181,82
abracadabra;128;2;3000;71493818181,82
abracadabra;128;3;3000;73156465116,28
abracadabra;128;4;3000;73156465116,28
abracadabra;128;5;3000;71493818181,82
abracadabra;128;6;3000;73156465116,28
abracadabra;128;7;3000;73156465116,28
abracadabra;128;8;3000;71493818181,82
abracadabra;128;9;3000;71493818181,82
abracadabra;128;10;3000;71493818181,82
abracadabra;128;11;3000;69905066666,67
abracadabra;128;12;3000;71493818181,82
abracadabra;128;13;3000;69905066666,67
abracadabra;128;14;3000;69905066666,67
abracadabra;128;15;3000;69905066666,67
abracadabra;128;16;3000;69905066666,67
abracadabra;128;17;3000;69905066666,67
abracadabra;128;18;3000;71493818181,82
abracadabra;128;19;3000;73156465116,28
abracadabra;128;20;3000;73156465116,28
abracadabra;128;21;3000;71493818181,82
abracadabra;128;22;3000;73156465116,28
abracadabra;128;23;3000;73156465116,28
abracadabra;128;24;3000;71493818181,82
abracadabra;128;25;3000;73156465116,28
abracadabra;128;26;3000;73156465116,28
abracadabra;128;27;3000;71493818181,82
abracadabra;128;28;3000;73156465116,28
abracadabra;128;29;3000;73156465116,28
abracadabra;128;30;3000;71493818181,82
abracadabra;160;1;3000;62914560000,00
abracadabra;160;2;3000;64198530612,24
abracadabra;160;3;3000;64198530612,24
abracadabra;160;4;3000;62914560000,00
abracadabra;160;5;3000;64198530612,24
abracadabra;160;6;3000;61680941176,47
abracadabra;160;7;3000;60494769230,77
abracadabra;160;8;3000;62914560000,00
abracadabra;160;9;3000;64198530612,24
abracadabra;160;10;3000;65536000000,00
abracadabra;160;11;3000;65536000000,00
abracadabra;160;12;3000;66930382978,72
abracadabra;160;13;3000;65536000000,00
abracadabra;160;14;3000;66930382978,72
abracadabra;160;15;3000;66930382978,72
abracadabra;160;16;3000;66930382978,72
abracadabra;160;17;3000;66930382978,72
abracadabra;160;18;3000;66930382978,72
abracadabra;160;19;3000;65536000000,00
abracadabra;160;20;3000;65536000000,00
abracadabra;160;21;3000;65536000000,00
abracadabra;160;22;3000;65536000000,00
abracadabra;160;23;3000;65536000000,00
abracadabra;160;24;3000;64198530612,24
abracadabra;160;25;3000;64198530612,24
abracadabra;160;26;3000;64198530612,24
abracadabra;160;27;3000;64198530612,24
abracadabra;160;28;3000;64198530612,24
abracadabra;160;29;3000;65536000000,00
abracadabra;160;30;3000;65536000000,00
abracadabra;192;1;3000;69905066666,67
abracadabra;192;2;3000;68385391304,35
abracadabra;192;3;3000;68385391304,35
abracadabra;192;4;3000;68385391304,35
abracadabra;192;5;3000;69905066666,67
abracadabra;192;6;3000;68385391304,35
abracadabra;192;7;3000;69905066666,67
abracadabra;192;8;3000;69905066666,67
abracadabra;192;9;3000;69905066666,67
abracadabra;192;10;3000;68385391304,35
abracadabra;192;11;3000;66930382978,72
abracadabra;192;12;3000;66930382978,72
abracadabra;192;13;3000;66930382978,72
abracadabra;192;14;3000;66930382978,72
abracadabra;192;15;3000;66930382978,72
abracadabra;192;16;3000;65536000000,00
abracadabra;192;17;3000;65536000000,00
abracadabra;192;18;3000;65536000000,00
abracadabra;192;19;3000;65536000000,00
abracadabra;192;20;3000;66930382978,72
abracadabra;192;21;3000;66930382978,72
abracadabra;192;22;3000;66930382978,72
abracadabra;192;23;3000;66930382978,72
abracadabra;192;24;3000;65536000000,00
abracadabra;192;25;3000;68385391304,35
abracadabra;192;26;3000;66930382978,72
abracadabra;192;27;3000;68385391304,35
abracadabra;192;28;3000;68385391304,35
abracadabra;192;29;3000;69905066666,67
abracadabra;192;30;3000;68385391304,35
abracadabra;224;1;3000;59353358490,57
abracadabra;224;2;3000;59353358490,57
abracadabra;224;3;3000;59353358490,57
abracadabra;224;4;3000;59353358490,57
abracadabra;224;5;3000;59353358490,57
abracadabra;224;6;3000;58254222222,22
abracadabra;224;7;3000;59353358490,57
abracadabra;224;8;3000;59353358490,57
abracadabra;224;9;3000;57195054545,45
abracadabra;224;10;3000;58254222222,22
abracadabra;224;11;3000;58254222222,22
abracadabra;224;12;3000;58254222222,22
abracadabra;224;13;3000;58254222222,22
abracadabra;224;14;3000;58254222222,22
abracadabra;224;15;3000;58254222222,22
abracadabra;224;16;3000;59353358490,57
abracadabra;224;17;3000;59353358490,57
abracadabra;224;18;3000;59353358490,57
abracadabra;224;19;3000;59353358490,57
abracadabra;224;20;3000;59353358490,57
abracadabra;224;21;3000;59353358490,57
abracadabra;224;22;3000;59353358490,57
abracadabra;224;23;3000;60494769230,77
abracadabra;224;24;3000;59353358490,57
abracadabra;224;25;3000;59353358490,57
abracadabra;224;26;3000;59353358490,57
abracadabra;224;27;3000;59353358490,57
abracadabra;224;28;3000;59353358490,57
abracadabra;224;29;3000;59353358490,57
abracadabra;224;30;3000;58254222222,22
abracadabra;256;1;3000;65536000000,00
abracadabra;256;2;3000;62914560000,00
abracadabra;256;3;3000;61680941176,47
abracadabra;256;4;3000;62914560000,00
abracadabra;256;5;3000;64198530612,24
abracadabra;256;6;3000;68385391304,35
abracadabra;256;7;3000;69905066666,67
abracadabra;256;8;3000;68385391304,35
abracadabra;256;9;3000;69905066666,67
abracadabra;256;10;3000;68385391304,35
abracadabra;256;11;3000;68385391304,35
abracadabra;256;12;3000;68385391304,35
abracadabra;256;13;3000;66930382978,72
abracadabra;256;14;3000;68385391304,35
abracadabra;256;15;3000;66930382978,72
abracadabra;256;16;3000;68385391304,35
abracadabra;256;17;3000;66930382978,72
abracadabra;256;18;3000;68385391304,35
abracadabra;256;19;3000;66930382978,72
abracadabra;256;20;3000;66930382978,72
abracadabra;256;21;3000;65536000000,00
abracadabra;256;22;3000;65536000000,00
abracadabra;256;23;3000;60494769230,77
abracadabra;256;24;3000;61680941176,47
abracadabra;256;25;3000;62914560000,00
abracadabra;256;26;3000;65536000000,00
abracadabra;256;27;3000;65536000000,00
abracadabra;256;28;3000;66930382978,72
abracadabra;256;29;3000;66930382978,72
abracadabra;256;30;3000;66930382978,72
unevenstring;32;1;3000;40853610389,61
unevenstring;32;2;3000;40853610389,61
unevenstring;32;3;3000;40853610389,61
unevenstring;32;4;3000;40329846153,85
unevenstring;32;5;3000;40853610389,61
unevenstring;32;6;3000;40329846153,85
unevenstring;32;7;3000;39819341772,15
unevenstring;32;8;3000;39321600000,00
unevenstring;32;9;3000;39819341772,15
unevenstring;32;10;3000;40329846153,85
unevenstring;32;11;3000;40329846153,85
unevenstring;32;12;3000;40853610389,61
unevenstring;32;13;3000;40853610389,61
unevenstring;32;14;3000;40853610389,61
unevenstring;32;15;3000;40853610389,61
unevenstring;32;16;3000;40853610389,61
unevenstring;32;17;3000;40853610389,61
unevenstring;32;18;3000;40329846153,85
unevenstring;32;19;3000;39819341772,15
unevenstring;32;20;3000;39819341772,15
unevenstring;32;21;3000;39819341772,15
unevenstring;32;22;3000;40329846153,85
unevenstring;32;23;3000;40329846153,85
unevenstring;32;24;3000;40853610389,61
unevenstring;32;25;3000;40853610389,61
unevenstring;32;26;3000;40853610389,61
unevenstring;32;27;3000;40853610389,61
unevenstring;32;28;3000;40853610389,61
unevenstring;32;29;3000;40329846153,85
unevenstring;32;30;3000;40329846153,85
unevenstring;64;1;3000;71493818181,82
unevenstring;64;2;3000;68385391304,35
unevenstring;64;3;3000;69905066666,67
unevenstring;64;4;3000;68385391304,35
unevenstring;64;5;3000;69905066666,67
unevenstring;64;6;3000;71493818181,82
unevenstring;64;7;3000;71493818181,82
unevenstring;64;8;3000;71493818181,82
unevenstring;64;9;3000;69905066666,67
unevenstring;64;10;3000;71493818181,82
unevenstring;64;11;3000;71493818181,82
unevenstring;64;12;3000;71493818181,82
unevenstring;64;13;3000;71493818181,82
unevenstring;64;14;3000;71493818181,82
unevenstring;64;15;3000;71493818181,82
unevenstring;64;16;3000;71493818181,82
unevenstring;64;17;3000;71493818181,82
unevenstring;64;18;3000;71493818181,82
unevenstring;64;19;3000;71493818181,82
unevenstring;64;20;3000;71493818181,82
unevenstring;64;21;3000;71493818181,82
unevenstring;64;22;3000;71493818181,82
unevenstring;64;23;3000;69905066666,67
unevenstring;64;24;3000;69905066666,67
unevenstring;64;25;3000;69905066666,67
unevenstring;64;26;3000;69905066666,67
unevenstring;64;27;3000;69905066666,67
unevenstring;64;28;3000;69905066666,67
unevenstring;64;29;3000;71493818181,82
unevenstring;64;30;3000;71493818181,82
unevenstring;96;1;3000;71493818181,82
unevenstring;96;2;3000;71493818181,82
unevenstring;96;3;3000;71493818181,82
unevenstring;96;4;3000;71493818181,82
unevenstring;96;5;3000;71493818181,82
unevenstring;96;6;3000;71493818181,82
unevenstring;96;7;3000;71493818181,82
unevenstring;96;8;3000;71493818181,82
unevenstring;96;9;3000;71493818181,82
unevenstring;96;10;3000;71493818181,82
unevenstring;96;11;3000;71493818181,82
unevenstring;96;12;3000;71493818181,82
unevenstring;96;13;3000;71493818181,82
unevenstring;96;14;3000;69905066666,67
unevenstring;96;15;3000;69905066666,67
unevenstring;96;16;3000;69905066666,67
unevenstring;96;17;3000;69905066666,67
unevenstring;96;18;3000;69905066666,67
unevenstring;96;19;3000;69905066666,67
unevenstring;96;20;3000;69905066666,67
unevenstring;96;21;3000;71493818181,82
unevenstring;96;22;3000;71493818181,82
unevenstring;96;23;3000;71493818181,82
unevenstring;96;24;3000;69905066666,67
unevenstring;96;25;3000;71493818181,82
unevenstring;96;26;3000;71493818181,82
unevenstring;96;27;3000;71493818181,82
unevenstring;96;28;3000;71493818181,82
unevenstring;96;29;3000;71493818181,82
unevenstring;96;30;3000;71493818181,82
unevenstring;128;1;3000;71493818181,82
unevenstring;128;2;3000;69905066666,67
unevenstring;128;3;3000;69905066666,67
unevenstring;128;4;3000;71493818181,82
unevenstring;128;5;3000;69905066666,67
unevenstring;128;6;3000;69905066666,67
unevenstring;128;7;3000;68385391304,35
unevenstring;128;8;3000;69905066666,67
unevenstring;128;9;3000;69905066666,67
unevenstring;128;10;3000;69905066666,67
unevenstring;128;11;3000;69905066666,67
unevenstring;128;12;3000;69905066666,67
unevenstring;128;13;3000;69905066666,67
unevenstring;128;14;3000;69905066666,67
unevenstring;128;15;3000;69905066666,67
unevenstring;128;16;3000;69905066666,67
unevenstring;128;17;3000;69905066666,67
unevenstring;128;18;3000;69905066666,67
unevenstring;128;19;3000;69905066666,67
unevenstring;128;20;3000;71493818181,82
unevenstring;128;21;3000;71493818181,82
unevenstring;128;22;3000;71493818181,82
unevenstring;128;23;3000;71493818181,82
unevenstring;128;24;3000;69905066666,67
unevenstring;128;25;3000;71493818181,82
unevenstring;128;26;3000;69905066666,67
unevenstring;128;27;3000;69905066666,67
unevenstring;128;28;3000;69905066666,67
unevenstring;128;29;3000;69905066666,67
unevenstring;128;30;3000;69905066666,67
unevenstring;160;1;3000;64198530612,24
unevenstring;160;2;3000;64198530612,24
unevenstring;160;3;3000;65536000000,00
unevenstring;160;4;3000;64198530612,24
unevenstring;160;5;3000;65536000000,00
unevenstring;160;6;3000;65536000000,00
unevenstring;160;7;3000;64198530612,24
unevenstring;160;8;3000;64198530612,24
unevenstring;160;9;3000;65536000000,00
unevenstring;160;10;3000;65536000000,00
unevenstring;160;11;3000;66930382978,72
unevenstring;160;12;3000;66930382978,72
unevenstring;160;13;3000;66930382978,72
unevenstring;160;14;3000;66930382978,72
unevenstring;160;15;3000;65536000000,00
unevenstring;160;16;3000;65536000000,00
unevenstring;160;17;3000;65536000000,00
unevenstring;160;18;3000;65536000000,00
unevenstring;160;19;3000;65536000000,00
unevenstring;160;20;3000;64198530612,24
unevenstring;160;21;3000;65536000000,00
unevenstring;160;22;3000;64198530612,24
unevenstring;160;23;3000;65536000000,00
unevenstring;160;24;3000;64198530612,24
unevenstring;160;25;3000;64198530612,24
unevenstring;160;26;3000;64198530612,24
unevenstring;160;27;3000;64198530612,24
unevenstring;160;28;3000;62914560000,00
unevenstring;160;29;3000;64198530612,24
unevenstring;160;30;3000;64198530612,24
unevenstring;192;1;3000;69905066666,67
unevenstring;192;2;3000;68385391304,35
unevenstring;192;3;3000;68385391304,35
unevenstring;192;4;3000;69905066666,67
unevenstring;192;5;3000;68385391304,35
unevenstring;192;6;3000;68385391304,35
unevenstring;192;7;3000;66930382978,72
unevenstring;192;8;3000;68385391304,35
unevenstring;192;9;3000;66930382978,72
unevenstring;192;10;3000;68385391304,35
unevenstring;192;11;3000;68385391304,35
unevenstring;192;12;3000;68385391304,35
unevenstring;192;13;3000;68385391304,35
unevenstring;192;14;3000;66930382978,72
unevenstring;192;15;3000;68385391304,35
unevenstring;192;16;3000;65536000000,00
unevenstring;192;17;3000;66930382978,72
unevenstring;192;18;3000;66930382978,72
unevenstring;192;19;3000;68385391304,35
unevenstring;192;20;3000;68385391304,35
unevenstring;192;21;3000;68385391304,35
unevenstring;192;22;3000;68385391304,35
unevenstring;192;23;3000;66930382978,72
unevenstring;192;24;3000;68385391304,35
unevenstring;192;25;3000;66930382978,72
unevenstring;192;26;3000;68385391304,35
unevenstring;192;27;3000;66930382978,72
unevenstring;192;28;3000;68385391304,35
unevenstring;192;29;3000;68385391304,35
unevenstring;192;30;3000;68385391304,35
unevenstring;224;1;3000;59353358490,57
unevenstring;224;2;3000;60494769230,77
unevenstring;224;3;3000;59353358490,57
unevenstring;224;4;3000;60494769230,77
unevenstring;224;5;3000;59353358490,57
unevenstring;224;6;3000;59353358490,57
unevenstring;224;7;3000;60494769230,77
unevenstring;224;8;3000;60494769230,77
unevenstring;224;9;3000;60494769230,77
unevenstring;224;10;3000;60494769230,77
unevenstring;224;11;3000;60494769230,77
unevenstring;224;12;3000;60494769230,77
unevenstring;224;13;3000;60494769230,77
unevenstring;224;14;3000;60494769230,77
unevenstring;224;15;3000;60494769230,77
unevenstring;224;16;3000;60494769230,77
unevenstring;224;17;3000;59353358490,57
unevenstring;224;18;3000;60494769230,77
unevenstring;224;19;3000;59353358490,57
unevenstring;224;20;3000;59353358490,57
unevenstring;224;21;3000;60494769230,77
unevenstring;224;22;3000;59353358490,57
unevenstring;224;23;3000;59353358490,57
unevenstring;224;24;3000;59353358490,57
unevenstring;224;25;3000;59353358490,57
unevenstring;224;26;3000;60494769230,77
unevenstring;224;27;3000;59353358490,57
unevenstring;224;28;3000;59353358490,57
unevenstring;224;29;3000;60494769230,77
unevenstring;224;30;3000;60494769230,77
unevenstring;256;1;3000;68385391304,35
unevenstring;256;2;3000;65536000000,00
unevenstring;256;3;3000;66930382978,72
unevenstring;256;4;3000;65536000000,00
unevenstring;256;5;3000;66930382978,72
unevenstring;256;6;3000;66930382978,72
unevenstring;256;7;3000;66930382978,72
unevenstring;256;8;3000;66930382978,72
unevenstring;256;9;3000;66930382978,72
unevenstring;256;10;3000;66930382978,72
unevenstring;256;11;3000;66930382978,72
unevenstring;256;12;3000;66930382978,72
unevenstring;256;13;3000;65536000000,00
unevenstring;256;14;3000;66930382978,72
unevenstring;256;15;3000;66930382978,72
unevenstring;256;16;3000;66930382978,72
unevenstring;256;17;3000;65536000000,00
unevenstring;256;18;3000;66930382978,72
unevenstring;256;19;3000;65536000000,00
unevenstring;256;20;3000;66930382978,72
unevenstring;256;21;3000;66930382978,72
unevenstring;256;22;3000;65536000000,00
unevenstring;256;23;3000;66930382978,72
unevenstring;256;24;3000;66930382978,72
unevenstring;256;25;3000;66930382978,72
unevenstring;256;26;3000;66930382978,72
unevenstring;256;27;3000;66930382978,72
unevenstring;256;28;3000;66930382978,72
unevenstring;256;29;3000;65536000000,00
unevenstring;256;30;3000;66930382978,72
------------;32;1;3000;43690666666,67
------------;32;2;3000;43690666666,67
------------;32;3;3000;43690666666,67
------------;32;4;3000;43690666666,67
------------;32;5;3000;43690666666,67
------------;32;6;3000;43092164383,56
------------;32;7;3000;43092164383,56
------------;32;8;3000;43690666666,67
------------;32;9;3000;43690666666,67
------------;32;10;3000;43690666666,67
------------;32;11;3000;43690666666,67
------------;32;12;3000;43690666666,67
------------;32;13;3000;43690666666,67
------------;32;14;3000;43690666666,67
------------;32;15;3000;43690666666,67
------------;32;16;3000;43092164383,56
------------;32;17;3000;43690666666,67
------------;32;18;3000;43690666666,67
------------;32;19;3000;43690666666,67
------------;32;20;3000;43690666666,67
------------;32;21;3000;43690666666,67
------------;32;22;3000;43690666666,67
------------;32;23;3000;43690666666,67
------------;32;24;3000;43690666666,67
------------;32;25;3000;43690666666,67
------------;32;26;3000;43690666666,67
------------;32;27;3000;43690666666,67
------------;32;28;3000;43690666666,67
------------;32;29;3000;43690666666,67
------------;32;30;3000;43092164383,56
------------;64;1;3000;82782315789,47
------------;64;2;3000;78643200000,00
------------;64;3;3000;80659692307,69
------------;64;4;3000;80659692307,69
------------;64;5;3000;80659692307,69
------------;64;6;3000;82782315789,47
------------;64;7;3000;82782315789,47
------------;64;8;3000;82782315789,47
------------;64;9;3000;82782315789,47
------------;64;10;3000;85019675675,68
------------;64;11;3000;87381333333,33
------------;64;12;3000;85019675675,68
------------;64;13;3000;85019675675,68
------------;64;14;3000;85019675675,68
------------;64;15;3000;85019675675,68
------------;64;16;3000;85019675675,68
------------;64;17;3000;85019675675,68
------------;64;18;3000;87381333333,33
------------;64;19;3000;85019675675,68
------------;64;20;3000;85019675675,68
------------;64;21;3000;85019675675,68
------------;64;22;3000;87381333333,33
------------;64;23;3000;85019675675,68
------------;64;24;3000;85019675675,68
------------;64;25;3000;80659692307,69
------------;64;26;3000;73156465116,28
------------;64;27;3000;71493818181,82
------------;64;28;3000;66930382978,72
------------;64;29;3000;68385391304,35
------------;64;30;3000;69905066666,67
------------;96;1;3000;73156465116,28
------------;96;2;3000;80659692307,69
------------;96;3;3000;85019675675,68
------------;96;4;3000;85019675675,68
------------;96;5;3000;87381333333,33
------------;96;6;3000;87381333333,33
------------;96;7;3000;87381333333,33
------------;96;8;3000;87381333333,33
------------;96;9;3000;87381333333,33
------------;96;10;3000;87381333333,33
------------;96;11;3000;87381333333,33
------------;96;12;3000;87381333333,33
------------;96;13;3000;87381333333,33
------------;96;14;3000;87381333333,33
------------;96;15;3000;85019675675,68
------------;96;16;3000;85019675675,68
------------;96;17;3000;85019675675,68
------------;96;18;3000;82782315789,47
------------;96;19;3000;80659692307,69
------------;96;20;3000;80659692307,69
------------;96;21;3000;78643200000,00
------------;96;22;3000;76725073170,73
------------;96;23;3000;76725073170,73
------------;96;24;3000;76725073170,73
------------;96;25;3000;76725073170,73
------------;96;26;3000;78643200000,00
------------;96;27;3000;78643200000,00
------------;96;28;3000;80659692307,69
------------;96;29;3000;82782315789,47
------------;96;30;3000;82782315789,47
------------;128;1;3000;85019675675,68
------------;128;2;3000;85019675675,68
------------;128;3;3000;85019675675,68
------------;128;4;3000;85019675675,68
------------;128;5;3000;85019675675,68
------------;128;6;3000;85019675675,68
------------;128;7;3000;85019675675,68
------------;128;8;3000;85019675675,68
------------;128;9;3000;85019675675,68
------------;128;10;3000;85019675675,68
------------;128;11;3000;85019675675,68
------------;128;12;3000;82782315789,47
------------;128;13;3000;82782315789,47
------------;128;14;3000;80659692307,69
------------;128;15;3000;80659692307,69
------------;128;16;3000;80659692307,69
------------;128;17;3000;80659692307,69
------------;128;18;3000;80659692307,69
------------;128;19;3000;78643200000,00
------------;128;20;3000;80659692307,69
------------;128;21;3000;80659692307,69
------------;128;22;3000;82782315789,47
------------;128;23;3000;80659692307,69
------------;128;24;3000;82782315789,47
------------;128;25;3000;82782315789,47
------------;128;26;3000;85019675675,68
------------;128;27;3000;85019675675,68
------------;128;28;3000;85019675675,68
------------;128;29;3000;85019675675,68
------------;128;30;3000;85019675675,68
------------;160;1;3000;78643200000,00
------------;160;2;3000;78643200000,00
------------;160;3;3000;78643200000,00
------------;160;4;3000;78643200000,00
------------;160;5;3000;78643200000,00
------------;160;6;3000;76725073170,73
------------;160;7;3000;78643200000,00
------------;160;8;3000;76725073170,73
------------;160;9;3000;76725073170,73
------------;160;10;3000;74898285714,29
------------;160;11;3000;74898285714,29
------------;160;12;3000;74898285714,29
------------;160;13;3000;74898285714,29
------------;160;14;3000;74898285714,29
------------;160;15;3000;74898285714,29
------------;160;16;3000;74898285714,29
------------;160;17;3000;76725073170,73
------------;160;18;3000;76725073170,73
------------;160;19;3000;78643200000,00
------------;160;20;3000;71493818181,82
------------;160;21;3000;78643200000,00
------------;160;22;3000;64198530612,24
------------;160;23;3000;78643200000,00
------------;160;24;3000;78643200000,00
------------;160;25;3000;78643200000,00
------------;160;26;3000;78643200000,00
------------;160;27;3000;78643200000,00
------------;160;28;3000;78643200000,00
------------;160;29;3000;78643200000,00
------------;160;30;3000;78643200000,00
------------;192;1;3000;82782315789,47
------------;192;2;3000;82782315789,47
------------;192;3;3000;80659692307,69
------------;192;4;3000;80659692307,69
------------;192;5;3000;80659692307,69
------------;192;6;3000;80659692307,69
------------;192;7;3000;78643200000,00
------------;192;8;3000;80659692307,69
------------;192;9;3000;80659692307,69
------------;192;10;3000;80659692307,69
------------;192;11;3000;78643200000,00
------------;192;12;3000;80659692307,69
------------;192;13;3000;85019675675,68
------------;192;14;3000;82782315789,47
------------;192;15;3000;82782315789,47
------------;192;16;3000;85019675675,68
------------;192;17;3000;85019675675,68
------------;192;18;3000;87381333333,33
------------;192;19;3000;87381333333,33
------------;192;20;3000;87381333333,33
------------;192;21;3000;87381333333,33
------------;192;22;3000;87381333333,33
------------;192;23;3000;87381333333,33
------------;192;24;3000;85019675675,68
------------;192;25;3000;85019675675,68
------------;192;26;3000;85019675675,68
------------;192;27;3000;85019675675,68
------------;192;28;3000;85019675675,68
------------;192;29;3000;85019675675,68
------------;192;30;3000;82782315789,47
------------;224;1;3000;74898285714,29
------------;224;2;3000;74898285714,29
------------;224;3;3000;74898285714,29
------------;224;4;3000;73156465116,28
------------;224;5;3000;73156465116,28
------------;224;6;3000;74898285714,29
------------;224;7;3000;74898285714,29
------------;224;8;3000;74898285714,29
------------;224;9;3000;74898285714,29
------------;224;10;3000;74898285714,29
------------;224;11;3000;78643200000,00
------------;224;12;3000;78643200000,00
------------;224;13;3000;78643200000,00
------------;224;14;3000;76725073170,73
------------;224;15;3000;78643200000,00
------------;224;16;3000;78643200000,00
------------;224;17;3000;78643200000,00
------------;224;18;3000;76725073170,73
------------;224;19;3000;78643200000,00
------------;224;20;3000;76725073170,73
------------;224;21;3000;76725073170,73
------------;224;22;3000;76725073170,73
------------;224;23;3000;74898285714,29
------------;224;24;3000;74898285714,29
------------;224;25;3000;69905066666,67
------------;224;26;3000;71493818181,82
------------;224;27;3000;71493818181,82
------------;224;28;3000;69905066666,67
------------;224;29;3000;69905066666,67
------------;224;30;3000;66930382978,72
------------;256;1;3000;76725073170,73
------------;256;2;3000;78643200000,00
------------;256;3;3000;80659692307,69
------------;256;4;3000;80659692307,69
------------;256;5;3000;82782315789,47
------------;256;6;3000;82782315789,47
------------;256;7;3000;82782315789,47
------------;256;8;3000;82782315789,47
------------;256;9;3000;82782315789,47
------------;256;10;3000;82782315789,47
------------;256;11;3000;82782315789,47
------------;256;12;3000;82782315789,47
------------;256;13;3000;82782315789,47
------------;256;14;3000;82782315789,47
------------;256;15;3000;82782315789,47
------------;256;16;3000;80659692307,69
------------;256;17;3000;80659692307,69
------------;256;18;3000;80659692307,69
------------;256;19;3000;80659692307,69
------------;256;20;3000;80659692307,69
------------;256;21;3000;78643200000,00
------------;256;22;3000;76725073170,73
------------;256;23;3000;78643200000,00
------------;256;24;3000;78643200000,00
------------;256;25;3000;82782315789,47
------------;256;26;3000;87381333333,33
------------;256;27;3000;87381333333,33
------------;256;28;3000;87381333333,33
------------;256;29;3000;87381333333,33
------------;256;30;3000;87381333333,33
abracadabra;32;1;5000;41610158730,16
abracadabra;32;2;5000;41610158730,16
abracadabra;32;3;5000;40960000000,00
abracadabra;32;4;5000;40329846153,85
abracadabra;32;5;5000;37991884057,97
abracadabra;32;6;5000;40329846153,85
abracadabra;32;7;5000;41282519685,04
abracadabra;32;8;5000;41610158730,16
abracadabra;32;9;5000;40960000000,00
abracadabra;32;10;5000;36921690140,85
abracadabra;32;11;5000;37991884057,97
abracadabra;32;12;5000;38269197080,29
abracadabra;32;13;5000;39718787878,79
abracadabra;32;14;5000;40642480620,16
abracadabra;32;15;5000;40960000000,00
abracadabra;32;16;5000;41282519685,04
abracadabra;32;17;5000;39420150375,94
abracadabra;32;18;5000;38836148148,15
abracadabra;32;19;5000;38836148148,15
abracadabra;32;20;5000;39420150375,94
abracadabra;32;21;5000;40329846153,85
abracadabra;32;22;5000;40960000000,00
abracadabra;32;23;5000;40960000000,00
abracadabra;32;24;5000;40021984732,82
abracadabra;32;25;5000;39420150375,94
abracadabra;32;26;5000;39125970149,25
abracadabra;32;27;5000;39420150375,94
abracadabra;32;28;5000;40021984732,82
abracadabra;32;29;5000;40329846153,85
abracadabra;32;30;5000;40642480620,16
abracadabra;64;1;5000;71820273972,60
abracadabra;64;2;5000;68985263157,89
abracadabra;64;3;5000;68089350649,35
abracadabra;64;4;5000;68985263157,89
abracadabra;64;5;5000;68985263157,89
abracadabra;64;6;5000;68089350649,35
abracadabra;64;7;5000;68985263157,89
abracadabra;64;8;5000;68985263157,89
abracadabra;64;9;5000;68985263157,89
abracadabra;64;10;5000;70849729729,73
abracadabra;64;11;5000;70849729729,73
abracadabra;64;12;5000;71820273972,60
abracadabra;64;13;5000;70849729729,73
abracadabra;64;14;5000;69905066666,67
abracadabra;64;15;5000;68985263157,89
abracadabra;64;16;5000;68985263157,89
abracadabra;64;17;5000;68985263157,89
abracadabra;64;18;5000;68985263157,89
abracadabra;64;19;5000;68089350649,35
abracadabra;64;20;5000;68985263157,89
abracadabra;64;21;5000;68985263157,89
abracadabra;64;22;5000;69905066666,67
abracadabra;64;23;5000;69905066666,67
abracadabra;64;24;5000;70849729729,73
abracadabra;64;25;5000;70849729729,73
abracadabra;64;26;5000;70849729729,73
abracadabra;64;27;5000;72817777777,78
abracadabra;64;28;5000;69905066666,67
abracadabra;64;29;5000;68985263157,89
abracadabra;64;30;5000;68089350649,35
abracadabra;96;1;5000;68089350649,35
abracadabra;96;2;5000;68089350649,35
abracadabra;96;3;5000;68089350649,35
abracadabra;96;4;5000;68985263157,89
abracadabra;96;5;5000;68985263157,89
abracadabra;96;6;5000;68985263157,89
abracadabra;96;7;5000;68985263157,89
abracadabra;96;8;5000;67216410256,41
abracadabra;96;9;5000;68089350649,35
abracadabra;96;10;5000;68985263157,89
abracadabra;96;11;5000;68985263157,89
abracadabra;96;12;5000;68089350649,35
abracadabra;96;13;5000;68985263157,89
abracadabra;96;14;5000;68985263157,89
abracadabra;96;15;5000;68089350649,35
abracadabra;96;16;5000;68985263157,89
abracadabra;96;17;5000;68985263157,89
abracadabra;96;18;5000;68985263157,89
abracadabra;96;19;5000;68985263157,89
abracadabra;96;20;5000;68089350649,35
abracadabra;96;21;5000;68985263157,89
abracadabra;96;22;5000;68985263157,89
abracadabra;96;23;5000;68985263157,89
abracadabra;96;24;5000;68985263157,89
abracadabra;96;25;5000;68985263157,89
abracadabra;96;26;5000;68089350649,35
abracadabra;96;27;5000;68985263157,89
abracadabra;96;28;5000;68985263157,89
abracadabra;96;29;5000;68089350649,35
abracadabra;96;30;5000;68985263157,89
abracadabra;128;1;5000;68089350649,35
abracadabra;128;2;5000;67216410256,41
abracadabra;128;3;5000;68089350649,35
abracadabra;128;4;5000;68089350649,35
abracadabra;128;5;5000;67216410256,41
abracadabra;128;6;5000;68089350649,35
abracadabra;128;7;5000;69905066666,67
abracadabra;128;8;5000;68985263157,89
abracadabra;128;9;5000;68985263157,89
abracadabra;128;10;5000;68985263157,89
abracadabra;128;11;5000;68985263157,89
abracadabra;128;12;5000;68089350649,35
abracadabra;128;13;5000;68089350649,35
abracadabra;128;14;5000;68985263157,89
abracadabra;128;15;5000;68089350649,35
abracadabra;128;16;5000;68089350649,35
abracadabra;128;17;5000;68089350649,35
abracadabra;128;18;5000;66365569620,25
abracadabra;128;19;5000;68089350649,35
abracadabra;128;20;5000;68089350649,35
abracadabra;128;21;5000;68985263157,89
abracadabra;128;22;5000;68089350649,35
abracadabra;128;23;5000;68089350649,35
abracadabra;128;24;5000;68985263157,89
abracadabra;128;25;5000;68985263157,89
abracadabra;128;26;5000;68089350649,35
abracadabra;128;27;5000;68089350649,35
abracadabra;128;28;5000;68089350649,35
abracadabra;128;29;5000;68089350649,35
abracadabra;128;30;5000;68089350649,35
abracadabra;160;1;5000;62415238095,24
abracadabra;160;2;5000;63167228915,66
abracadabra;160;3;5000;64726913580,25
abracadabra;160;4;5000;63937560975,61
abracadabra;160;5;5000;63937560975,61
abracadabra;160;6;5000;63167228915,66
abracadabra;160;7;5000;63167228915,66
abracadabra;160;8;5000;63167228915,66
abracadabra;160;9;5000;63167228915,66
abracadabra;160;10;5000;63167228915,66
abracadabra;160;11;5000;62415238095,24
abracadabra;160;12;5000;62415238095,24
abracadabra;160;13;5000;60963720930,23
abracadabra;160;14;5000;62415238095,24
abracadabra;160;15;5000;63937560975,61
abracadabra;160;16;5000;63937560975,61
abracadabra;160;17;5000;63167228915,66
abracadabra;160;18;5000;63167228915,66
abracadabra;160;19;5000;63167228915,66
abracadabra;160;20;5000;62415238095,24
abracadabra;160;21;5000;63167228915,66
abracadabra;160;22;5000;62415238095,24
abracadabra;160;23;5000;62415238095,24
abracadabra;160;24;5000;61680941176,47
abracadabra;160;25;5000;62415238095,24
abracadabra;160;26;5000;63167228915,66
abracadabra;160;27;5000;63167228915,66
abracadabra;160;28;5000;63937560975,61
abracadabra;160;29;5000;63167228915,66
abracadabra;160;30;5000;63167228915,66
abracadabra;192;1;5000;65536000000,00
abracadabra;192;2;5000;65536000000,00
abracadabra;192;3;5000;64726913580,25
abracadabra;192;4;5000;65536000000,00
abracadabra;192;5;5000;64726913580,25
abracadabra;192;6;5000;64726913580,25
abracadabra;192;7;5000;65536000000,00
abracadabra;192;8;5000;65536000000,00
abracadabra;192;9;5000;66365569620,25
abracadabra;192;10;5000;65536000000,00
abracadabra;192;11;5000;66365569620,25
abracadabra;192;12;5000;65536000000,00
abracadabra;192;13;5000;65536000000,00
abracadabra;192;14;5000;65536000000,00
abracadabra;192;15;5000;65536000000,00
abracadabra;192;16;5000;65536000000,00
abracadabra;192;17;5000;64726913580,25
abracadabra;192;18;5000;65536000000,00
abracadabra;192;19;5000;64726913580,25
abracadabra;192;20;5000;65536000000,00
abracadabra;192;21;5000;65536000000,00
abracadabra;192;22;5000;66365569620,25
abracadabra;192;23;5000;67216410256,41
abracadabra;192;24;5000;66365569620,25
abracadabra;192;25;5000;65536000000,00
abracadabra;192;26;5000;65536000000,00
abracadabra;192;27;5000;64726913580,25
abracadabra;192;28;5000;65536000000,00
abracadabra;192;29;5000;64726913580,25
abracadabra;192;30;5000;65536000000,00
abracadabra;224;1;5000;57614065934,07
abracadabra;224;2;5000;56987826086,96
abracadabra;224;3;5000;57614065934,07
abracadabra;224;4;5000;58908764044,94
abracadabra;224;5;5000;58908764044,94
abracadabra;224;6;5000;58908764044,94
abracadabra;224;7;5000;58254222222,22
abracadabra;224;8;5000;58254222222,22
abracadabra;224;9;5000;57614065934,07
abracadabra;224;10;5000;57614065934,07
abracadabra;224;11;5000;57614065934,07
abracadabra;224;12;5000;57614065934,07
abracadabra;224;13;5000;56987826086,96
abracadabra;224;14;5000;57614065934,07
abracadabra;224;15;5000;58908764044,94
abracadabra;224;16;5000;59578181818,18
abracadabra;224;17;5000;58908764044,94
abracadabra;224;18;5000;59578181818,18
abracadabra;224;19;5000;58908764044,94
abracadabra;224;20;5000;58254222222,22
abracadabra;224;21;5000;57614065934,07
abracadabra;224;22;5000;56987826086,96
abracadabra;224;23;5000;56987826086,96
abracadabra;224;24;5000;55188210526,32
abracadabra;224;25;5000;56987826086,96
abracadabra;224;26;5000;58908764044,94
abracadabra;224;27;5000;58908764044,94
abracadabra;224;28;5000;58908764044,94
abracadabra;224;29;5000;59578181818,18
abracadabra;224;30;5000;59578181818,18
abracadabra;256;1;5000;65536000000,00
abracadabra;256;2;5000;64726913580,25
abracadabra;256;3;5000;63937560975,61
abracadabra;256;4;5000;62415238095,24
abracadabra;256;5;5000;60963720930,23
abracadabra;256;6;5000;59578181818,18
abracadabra;256;7;5000;63167228915,66
abracadabra;256;8;5000;64726913580,25
abracadabra;256;9;5000;64726913580,25
abracadabra;256;10;5000;65536000000,00
abracadabra;256;11;5000;65536000000,00
abracadabra;256;12;5000;65536000000,00
abracadabra;256;13;5000;64726913580,25
abracadabra;256;14;5000;64726913580,25
abracadabra;256;15;5000;63167228915,66
abracadabra;256;16;5000;62415238095,24
abracadabra;256;17;5000;61680941176,47
abracadabra;256;18;5000;61680941176,47
abracadabra;256;19;5000;63167228915,66
abracadabra;256;20;5000;63937560975,61
abracadabra;256;21;5000;64726913580,25
abracadabra;256;22;5000;64726913580,25
abracadabra;256;23;5000;65536000000,00
abracadabra;256;24;5000;64726913580,25
abracadabra;256;25;5000;64726913580,25
abracadabra;256;26;5000;63937560975,61
abracadabra;256;27;5000;63167228915,66
abracadabra;256;28;5000;62415238095,24
abracadabra;256;29;5000;62415238095,24
abracadabra;256;30;5000;62415238095,24
unevenstring;32;1;5000;40021984732,82
unevenstring;32;2;5000;41282519685,04
unevenstring;32;3;5000;41282519685,04
unevenstring;32;4;5000;41610158730,16
unevenstring;32;5;5000;41282519685,04
unevenstring;32;6;5000;40329846153,85
unevenstring;32;7;5000;40021984732,82
unevenstring;32;8;5000;40329846153,85
unevenstring;32;9;5000;40960000000,00
unevenstring;32;10;5000;40960000000,00
unevenstring;32;11;5000;41282519685,04
unevenstring;32;12;5000;42625040650,41
unevenstring;32;13;5000;42281290322,58
unevenstring;32;14;5000;41943040000,00
unevenstring;32;15;5000;41282519685,04
unevenstring;32;16;5000;41282519685,04
unevenstring;32;17;5000;41282519685,04
unevenstring;32;18;5000;37991884057,97
unevenstring;32;19;5000;38269197080,29
unevenstring;32;20;5000;41282519685,04
unevenstring;32;21;5000;41943040000,00
unevenstring;32;22;5000;41610158730,16
unevenstring;32;23;5000;41282519685,04
unevenstring;32;24;5000;41282519685,04
unevenstring;32;25;5000;40021984732,82
unevenstring;32;26;5000;38836148148,15
unevenstring;32;27;5000;40329846153,85
unevenstring;32;28;5000;41282519685,04
unevenstring;32;29;5000;41610158730,16
unevenstring;32;30;5000;41282519685,04
unevenstring;64;1;5000;72817777777,78
unevenstring;64;2;5000;71820273972,60
unevenstring;64;3;5000;70849729729,73
unevenstring;64;4;5000;69905066666,67
unevenstring;64;5;5000;68985263157,89
unevenstring;64;6;5000;68985263157,89
unevenstring;64;7;5000;69905066666,67
unevenstring;64;8;5000;70849729729,73
unevenstring;64;9;5000;71820273972,60
unevenstring;64;10;5000;71820273972,60
unevenstring;64;11;5000;72817777777,78
unevenstring;64;12;5000;72817777777,78
unevenstring;64;13;5000;72817777777,78
unevenstring;64;14;5000;71820273972,60
unevenstring;64;15;5000;69905066666,67
unevenstring;64;16;5000;69905066666,67
unevenstring;64;17;5000;68985263157,89
unevenstring;64;18;5000;68985263157,89
unevenstring;64;19;5000;68985263157,89
unevenstring;64;20;5000;69905066666,67
unevenstring;64;21;5000;69905066666,67
unevenstring;64;22;5000;69905066666,67
unevenstring;64;23;5000;70849729729,73
unevenstring;64;24;5000;69905066666,67
unevenstring;64;25;5000;70849729729,73
unevenstring;64;26;5000;70849729729,73
unevenstring;64;27;5000;70849729729,73
unevenstring;64;28;5000;69905066666,67
unevenstring;64;29;5000;69905066666,67
unevenstring;64;30;5000;68985263157,89
unevenstring;96;1;5000;68089350649,35
unevenstring;96;2;5000;68985263157,89
unevenstring;96;3;5000;69905066666,67
unevenstring;96;4;5000;68985263157,89
unevenstring;96;5;5000;69905066666,67
unevenstring;96;6;5000;69905066666,67
unevenstring;96;7;5000;69905066666,67
unevenstring;96;8;5000;70849729729,73
unevenstring;96;9;5000;69905066666,67
unevenstring;96;10;5000;69905066666,67
unevenstring;96;11;5000;68985263157,89
unevenstring;96;12;5000;68985263157,89
unevenstring;96;13;5000;68985263157,89
unevenstring;96;14;5000;68985263157,89
unevenstring;96;15;5000;69905066666,67
unevenstring;96;16;5000;71820273972,60
unevenstring;96;17;5000;73843380281,69
unevenstring;96;18;5000;73843380281,69
unevenstring;96;19;5000;73843380281,69
unevenstring;96;20;5000;74898285714,29
unevenstring;96;21;5000;74898285714,29
unevenstring;96;22;5000;74898285714,29
unevenstring;96;23;5000;74898285714,29
unevenstring;96;24;5000;72817777777,78
unevenstring;96;25;5000;70849729729,73
unevenstring;96;26;5000;69905066666,67
unevenstring;96;27;5000;72817777777,78
unevenstring;96;28;5000;69905066666,67
unevenstring;96;29;5000;61680941176,47
unevenstring;96;30;5000;68089350649,35
unevenstring;128;1;5000;71820273972,60
unevenstring;128;2;5000;72817777777,78
unevenstring;128;3;5000;73843380281,69
unevenstring;128;4;5000;73843380281,69
unevenstring;128;5;5000;70849729729,73
unevenstring;128;6;5000;71820273972,60
unevenstring;128;7;5000;70849729729,73
unevenstring;128;8;5000;70849729729,73
unevenstring;128;9;5000;72817777777,78
unevenstring;128;10;5000;72817777777,78
unevenstring;128;11;5000;70849729729,73
unevenstring;128;12;5000;69905066666,67
unevenstring;128;13;5000;71820273972,60
unevenstring;128;14;5000;71820273972,60
unevenstring;128;15;5000;70849729729,73
unevenstring;128;16;5000;71820273972,60
unevenstring;128;17;5000;70849729729,73
unevenstring;128;18;5000;71820273972,60
unevenstring;128;19;5000;68089350649,35
unevenstring;128;20;5000;67216410256,41
unevenstring;128;21;5000;67216410256,41
unevenstring;128;22;5000;69905066666,67
unevenstring;128;23;5000;69905066666,67
unevenstring;128;24;5000;68985263157,89
unevenstring;128;25;5000;69905066666,67
unevenstring;128;26;5000;69905066666,67
unevenstring;128;27;5000;68985263157,89
unevenstring;128;28;5000;69905066666,67
unevenstring;128;29;5000;69905066666,67
unevenstring;128;30;5000;69905066666,67
unevenstring;160;1;5000;63937560975,61
unevenstring;160;2;5000;62415238095,24
unevenstring;160;3;5000;63167228915,66
unevenstring;160;4;5000;63167228915,66
unevenstring;160;5;5000;63937560975,61
unevenstring;160;6;5000;63937560975,61
unevenstring;160;7;5000;64726913580,25
unevenstring;160;8;5000;63937560975,61
unevenstring;160;9;5000;64726913580,25
unevenstring;160;10;5000;63937560975,61
unevenstring;160;11;5000;64726913580,25
unevenstring;160;12;5000;63937560975,61
unevenstring;160;13;5000;63937560975,61
unevenstring;160;14;5000;63167228915,66
unevenstring;160;15;5000;63167228915,66
unevenstring;160;16;5000;63167228915,66
unevenstring;160;17;5000;63937560975,61
unevenstring;160;18;5000;64726913580,25
unevenstring;160;19;5000;63937560975,61
unevenstring;160;20;5000;64726913580,25
unevenstring;160;21;5000;63937560975,61
unevenstring;160;22;5000;64726913580,25
unevenstring;160;23;5000;63937560975,61
unevenstring;160;24;5000;63937560975,61
unevenstring;160;25;5000;63167228915,66
unevenstring;160;26;5000;63167228915,66
unevenstring;160;27;5000;63167228915,66
unevenstring;160;28;5000;63937560975,61
unevenstring;160;29;5000;63167228915,66
unevenstring;160;30;5000;63937560975,61
unevenstring;192;1;5000;67216410256,41
unevenstring;192;2;5000;67216410256,41
unevenstring;192;3;5000;68089350649,35
unevenstring;192;4;5000;67216410256,41
unevenstring;192;5;5000;67216410256,41
unevenstring;192;6;5000;66365569620,25
unevenstring;192;7;5000;66365569620,25
unevenstring;192;8;5000;66365569620,25
unevenstring;192;9;5000;66365569620,25
unevenstring;192;10;5000;66365569620,25
unevenstring;192;11;5000;66365569620,25
unevenstring;192;12;5000;67216410256,41
unevenstring;192;13;5000;66365569620,25
unevenstring;192;14;5000;67216410256,41
unevenstring;192;15;5000;67216410256,41
unevenstring;192;16;5000;66365569620,25
unevenstring;192;17;5000;67216410256,41
unevenstring;192;18;5000;66365569620,25
unevenstring;192;19;5000;67216410256,41
unevenstring;192;20;5000;66365569620,25
unevenstring;192;21;5000;66365569620,25
unevenstring;192;22;5000;66365569620,25
unevenstring;192;23;5000;66365569620,25
unevenstring;192;24;5000;67216410256,41
unevenstring;192;25;5000;67216410256,41
unevenstring;192;26;5000;67216410256,41
unevenstring;192;27;5000;67216410256,41
unevenstring;192;28;5000;66365569620,25
unevenstring;192;29;5000;67216410256,41
unevenstring;192;30;5000;67216410256,41
unevenstring;224;1;5000;59578181818,18
unevenstring;224;2;5000;58908764044,94
unevenstring;224;3;5000;58908764044,94
unevenstring;224;4;5000;59578181818,18
unevenstring;224;5;5000;58908764044,94
unevenstring;224;6;5000;58908764044,94
unevenstring;224;7;5000;59578181818,18
unevenstring;224;8;5000;59578181818,18
unevenstring;224;9;5000;59578181818,18
unevenstring;224;10;5000;59578181818,18
unevenstring;224;11;5000;59578181818,18
unevenstring;224;12;5000;58908764044,94
unevenstring;224;13;5000;58908764044,94
unevenstring;224;14;5000;58908764044,94
unevenstring;224;15;5000;59578181818,18
unevenstring;224;16;5000;58908764044,94
unevenstring;224;17;5000;58908764044,94
unevenstring;224;18;5000;59578181818,18
unevenstring;224;19;5000;58908764044,94
unevenstring;224;20;5000;59578181818,18
unevenstring;224;21;5000;59578181818,18
unevenstring;224;22;5000;60262988505,75
unevenstring;224;23;5000;59578181818,18
unevenstring;224;24;5000;58908764044,94
unevenstring;224;25;5000;59578181818,18
unevenstring;224;26;5000;59578181818,18
unevenstring;224;27;5000;58908764044,94
unevenstring;224;28;5000;58908764044,94
unevenstring;224;29;5000;59578181818,18
unevenstring;224;30;5000;58908764044,94
unevenstring;256;1;5000;66365569620,25
unevenstring;256;2;5000;65536000000,00
unevenstring;256;3;5000;66365569620,25
unevenstring;256;4;5000;65536000000,00
unevenstring;256;5;5000;65536000000,00
unevenstring;256;6;5000;65536000000,00
unevenstring;256;7;5000;65536000000,00
unevenstring;256;8;5000;65536000000,00
unevenstring;256;9;5000;65536000000,00
unevenstring;256;10;5000;65536000000,00
unevenstring;256;11;5000;65536000000,00
unevenstring;256;12;5000;65536000000,00
unevenstring;256;13;5000;67216410256,41
unevenstring;256;14;5000;67216410256,41
unevenstring;256;15;5000;66365569620,25
unevenstring;256;16;5000;65536000000,00
unevenstring;256;17;5000;66365569620,25
unevenstring;256;18;5000;65536000000,00
unevenstring;256;19;5000;65536000000,00
unevenstring;256;20;5000;65536000000,00
unevenstring;256;21;5000;65536000000,00
unevenstring;256;22;5000;65536000000,00
unevenstring;256;23;5000;64726913580,25
unevenstring;256;24;5000;64726913580,25
unevenstring;256;25;5000;65536000000,00
unevenstring;256;26;5000;66365569620,25
unevenstring;256;27;5000;66365569620,25
unevenstring;256;28;5000;66365569620,25
unevenstring;256;29;5000;65536000000,00
unevenstring;256;30;5000;66365569620,25
------------;32;1;5000;42625040650,41
------------;32;2;5000;42974426229,51
------------;32;3;5000;42625040650,41
------------;32;4;5000;43329586776,86
------------;32;5;5000;44431186440,68
------------;32;6;5000;44431186440,68
------------;32;7;5000;44431186440,68
------------;32;8;5000;44431186440,68
------------;32;9;5000;44431186440,68
------------;32;10;5000;44431186440,68
------------;32;11;5000;44057815126,05
------------;32;12;5000;44057815126,05
------------;32;13;5000;44810940170,94
------------;32;14;5000;44810940170,94
------------;32;15;5000;44431186440,68
------------;32;16;5000;44431186440,68
------------;32;17;5000;44057815126,05
------------;32;18;5000;44431186440,68
------------;32;19;5000;44431186440,68
------------;32;20;5000;43690666666,67
------------;32;21;5000;44431186440,68
------------;32;22;5000;44431186440,68
------------;32;23;5000;44431186440,68
------------;32;24;5000;44431186440,68
------------;32;25;5000;43690666666,67
------------;32;26;5000;42974426229,51
------------;32;27;5000;42974426229,51
------------;32;28;5000;42625040650,41
------------;32;29;5000;44431186440,68
------------;32;30;5000;44431186440,68
------------;64;1;5000;81920000000,00
------------;64;2;5000;80659692307,69
------------;64;3;5000;80659692307,69
------------;64;4;5000;85948852459,02
------------;64;5;5000;84562580645,16
------------;64;6;5000;83220317460,32
------------;64;7;5000;81920000000,00
------------;64;8;5000;80659692307,69
------------;64;9;5000;81920000000,00
------------;64;10;5000;80659692307,69
------------;64;11;5000;80659692307,69
------------;64;12;5000;80659692307,69
------------;64;13;5000;81920000000,00
------------;64;14;5000;80659692307,69
------------;64;15;5000;80659692307,69
------------;64;16;5000;79437575757,58
------------;64;17;5000;72817777777,78
------------;64;18;5000;79437575757,58
------------;64;19;5000;81920000000,00
------------;64;20;5000;83220317460,32
------------;64;21;5000;81920000000,00
------------;64;22;5000;81920000000,00
------------;64;23;5000;81920000000,00
------------;64;24;5000;81920000000,00
------------;64;25;5000;81920000000,00
------------;64;26;5000;80659692307,69
------------;64;27;5000;79437575757,58
------------;64;28;5000;79437575757,58
------------;64;29;5000;79437575757,58
------------;64;30;5000;78251940298,51
------------;96;1;5000;78251940298,51
------------;96;2;5000;79437575757,58
------------;96;3;5000;80659692307,69
------------;96;4;5000;81920000000,00
------------;96;5;5000;80659692307,69
------------;96;6;5000;80659692307,69
------------;96;7;5000;81920000000,00
------------;96;8;5000;80659692307,69
------------;96;9;5000;80659692307,69
------------;96;10;5000;80659692307,69
------------;96;11;5000;80659692307,69
------------;96;12;5000;80659692307,69
------------;96;13;5000;80659692307,69
------------;96;14;5000;80659692307,69
------------;96;15;5000;79437575757,58
------------;96;16;5000;79437575757,58
------------;96;17;5000;80659692307,69
------------;96;18;5000;83220317460,32
------------;96;19;5000;83220317460,32
------------;96;20;5000;81920000000,00
------------;96;21;5000;81920000000,00
------------;96;22;5000;81920000000,00
------------;96;23;5000;80659692307,69
------------;96;24;5000;80659692307,69
------------;96;25;5000;80659692307,69
------------;96;26;5000;80659692307,69
------------;96;27;5000;80659692307,69
------------;96;28;5000;80659692307,69
------------;96;29;5000;79437575757,58
------------;96;30;5000;79437575757,58
------------;128;1;5000;79437575757,58
------------;128;2;5000;80659692307,69
------------;128;3;5000;81920000000,00
------------;128;4;5000;81920000000,00
------------;128;5;5000;81920000000,00
------------;128;6;5000;81920000000,00
------------;128;7;5000;81920000000,00
------------;128;8;5000;83220317460,32
------------;128;9;5000;81920000000,00
------------;128;10;5000;80659692307,69
------------;128;11;5000;81920000000,00
------------;128;12;5000;81920000000,00
------------;128;13;5000;81920000000,00
------------;128;14;5000;80659692307,69
------------;128;15;5000;80659692307,69
------------;128;16;5000;80659692307,69
------------;128;17;5000;80659692307,69
------------;128;18;5000;81920000000,00
------------;128;19;5000;81920000000,00
------------;128;20;5000;81920000000,00
------------;128;21;5000;81920000000,00
------------;128;22;5000;81920000000,00
------------;128;23;5000;81920000000,00
------------;128;24;5000;81920000000,00
------------;128;25;5000;81920000000,00
------------;128;26;5000;83220317460,32
------------;128;27;5000;81920000000,00
------------;128;28;5000;81920000000,00
------------;128;29;5000;80659692307,69
------------;128;30;5000;81920000000,00
------------;160;1;5000;74898285714,29
------------;160;2;5000;75983768115,94
------------;160;3;5000;75983768115,94
------------;160;4;5000;75983768115,94
------------;160;5;5000;75983768115,94
------------;160;6;5000;75983768115,94
------------;160;7;5000;75983768115,94
------------;160;8;5000;75983768115,94
------------;160;9;5000;75983768115,94
------------;160;10;5000;75983768115,94
------------;160;11;5000;75983768115,94
------------;160;12;5000;75983768115,94
------------;160;13;5000;75983768115,94
------------;160;14;5000;75983768115,94
------------;160;15;5000;75983768115,94
------------;160;16;5000;75983768115,94
------------;160;17;5000;73843380281,69
------------;160;18;5000;75983768115,94
------------;160;19;5000;75983768115,94
------------;160;20;5000;75983768115,94
------------;160;21;5000;75983768115,94
------------;160;22;5000;75983768115,94
------------;160;23;5000;75983768115,94
------------;160;24;5000;75983768115,94
------------;160;25;5000;75983768115,94
------------;160;26;5000;75983768115,94
------------;160;27;5000;75983768115,94
------------;160;28;5000;75983768115,94
------------;160;29;5000;75983768115,94
------------;160;30;5000;75983768115,94
------------;192;1;5000;80659692307,69
------------;192;2;5000;81920000000,00
------------;192;3;5000;80659692307,69
------------;192;4;5000;80659692307,69
------------;192;5;5000;80659692307,69
------------;192;6;5000;80659692307,69
------------;192;7;5000;80659692307,69
------------;192;8;5000;80659692307,69
------------;192;9;5000;80659692307,69
------------;192;10;5000;80659692307,69
------------;192;11;5000;79437575757,58
------------;192;12;5000;79437575757,58
------------;192;13;5000;80659692307,69
------------;192;14;5000;80659692307,69
------------;192;15;5000;80659692307,69
------------;192;16;5000;80659692307,69
------------;192;17;5000;80659692307,69
------------;192;18;5000;80659692307,69
------------;192;19;5000;80659692307,69
------------;192;20;5000;80659692307,69
------------;192;21;5000;80659692307,69
------------;192;22;5000;81920000000,00
------------;192;23;5000;81920000000,00
------------;192;24;5000;81920000000,00
------------;192;25;5000;80659692307,69
------------;192;26;5000;80659692307,69
------------;192;27;5000;80659692307,69
------------;192;28;5000;80659692307,69
------------;192;29;5000;80659692307,69
------------;192;30;5000;80659692307,69
------------;224;1;5000;70849729729,73
------------;224;2;5000;71820273972,60
------------;224;3;5000;71820273972,60
------------;224;4;5000;70849729729,73
------------;224;5;5000;70849729729,73
------------;224;6;5000;71820273972,60
------------;224;7;5000;71820273972,60
------------;224;8;5000;71820273972,60
------------;224;9;5000;71820273972,60
------------;224;10;5000;71820273972,60
------------;224;11;5000;71820273972,60
------------;224;12;5000;70849729729,73
------------;224;13;5000;71820273972,60
------------;224;14;5000;71820273972,60
------------;224;15;5000;71820273972,60
------------;224;16;5000;70849729729,73
------------;224;17;5000;71820273972,60
------------;224;18;5000;71820273972,60
------------;224;19;5000;71820273972,60
------------;224;20;5000;70849729729,73
------------;224;21;5000;71820273972,60
------------;224;22;5000;71820273972,60
------------;224;23;5000;71820273972,60
------------;224;24;5000;71820273972,60
------------;224;25;5000;71820273972,60
------------;224;26;5000;71820273972,60
------------;224;27;5000;71820273972,60
------------;224;28;5000;70849729729,73
------------;224;29;5000;71820273972,60
------------;224;30;5000;71820273972,60
------------;256;1;5000;80659692307,69
------------;256;2;5000;80659692307,69
------------;256;3;5000;81920000000,00
------------;256;4;5000;80659692307,69
------------;256;5;5000;80659692307,69
------------;256;6;5000;80659692307,69
------------;256;7;5000;80659692307,69
------------;256;8;5000;79437575757,58
------------;256;9;5000;79437575757,58
------------;256;10;5000;79437575757,58
------------;256;11;5000;79437575757,58
------------;256;12;5000;79437575757,58
------------;256;13;5000;79437575757,58
------------;256;14;5000;79437575757,58
------------;256;15;5000;78251940298,51
------------;256;16;5000;79437575757,58
------------;256;17;5000;80659692307,69
------------;256;18;5000;80659692307,69
------------;256;19;5000;80659692307,69
------------;256;20;5000;80659692307,69
------------;256;21;5000;80659692307,69
------------;256;22;5000;80659692307,69
------------;256;23;5000;80659692307,69
------------;256;24;5000;79437575757,58
------------;256;25;5000;80659692307,69
------------;256;26;5000;79437575757,58
------------;256;27;5000;79437575757,58
------------;256;28;5000;79437575757,58
------------;256;29;5000;79437575757,58
------------;256;30;5000;79437575757,58
abracadabra;32;1;7000;38429486910,99
abracadabra;32;2;7000;38631747368,42
abracadabra;32;3;7000;38429486910,99
abracadabra;32;4;7000;38429486910,99
abracadabra;32;5;7000;38229333333,33
abracadabra;32;6;7000;38429486910,99
abracadabra;32;7;7000;39042723404,26
abracadabra;32;8;7000;38631747368,42
abracadabra;32;9;7000;38229333333,33
abracadabra;32;10;7000;38229333333,33
abracadabra;32;11;7000;38429486910,99
abracadabra;32;12;7000;38631747368,42
abracadabra;32;13;7000;38631747368,42
abracadabra;32;14;7000;38229333333,33
abracadabra;32;15;7000;38631747368,42
abracadabra;32;16;7000;39042723404,26
abracadabra;32;17;7000;39462537634,41
abracadabra;32;18;7000;39675848648,65
abracadabra;32;19;7000;39462537634,41
abracadabra;32;20;7000;39251508021,39
abracadabra;32;21;7000;39251508021,39
abracadabra;32;22;7000;39462537634,41
abracadabra;32;23;7000;39675848648,65
abracadabra;32;24;7000;39462537634,41
abracadabra;32;25;7000;39251508021,39
abracadabra;32;26;7000;39251508021,39
abracadabra;32;27;7000;39462537634,41
abracadabra;32;28;7000;39462537634,41
abracadabra;32;29;7000;39462537634,41
abracadabra;32;30;7000;39462537634,41
abracadabra;64;1;7000;69245584905,66
abracadabra;64;2;7000;67963259259,26
abracadabra;64;3;7000;68598429906,54
abracadabra;64;4;7000;69245584905,66
abracadabra;64;5;7000;69245584905,66
abracadabra;64;6;7000;65536000000,00
abracadabra;64;7;7000;71961098039,22
abracadabra;64;8;7000;70577230769,23
abracadabra;64;9;7000;72673584158,42
abracadabra;64;10;7000;70577230769,23
abracadabra;64;11;7000;68598429906,54
abracadabra;64;12;7000;69245584905,66
abracadabra;64;13;7000;67339743119,27
abracadabra;64;14;7000;65536000000,00
abracadabra;64;15;7000;69245584905,66
abracadabra;64;16;7000;69905066666,67
abracadabra;64;17;7000;66727563636,36
abracadabra;64;18;7000;69905066666,67
abracadabra;64;19;7000;69245584905,66
abracadabra;64;20;7000;68598429906,54
abracadabra;64;21;7000;67963259259,26
abracadabra;64;22;7000;66727563636,36
abracadabra;64;23;7000;67339743119,27
abracadabra;64;24;7000;69905066666,67
abracadabra;64;25;7000;67963259259,26
abracadabra;64;26;7000;68598429906,54
abracadabra;64;27;7000;66727563636,36
abracadabra;64;28;7000;70577230769,23
abracadabra;64;29;7000;69905066666,67
abracadabra;64;30;7000;67963259259,26
abracadabra;96;1;7000;66727563636,36
abracadabra;96;2;7000;68598429906,54
abracadabra;96;3;7000;69245584905,66
abracadabra;96;4;7000;67339743119,27
abracadabra;96;5;7000;66126414414,41
abracadabra;96;6;7000;69245584905,66
abracadabra;96;7;7000;69905066666,67
abracadabra;96;8;7000;68598429906,54
abracadabra;96;9;7000;66727563636,36
abracadabra;96;10;7000;65536000000,00
abracadabra;96;11;7000;67963259259,26
abracadabra;96;12;7000;67963259259,26
abracadabra;96;13;7000;67339743119,27
abracadabra;96;14;7000;67963259259,26
abracadabra;96;15;7000;68598429906,54
abracadabra;96;16;7000;69245584905,66
abracadabra;96;17;7000;68598429906,54
abracadabra;96;18;7000;66727563636,36
abracadabra;96;19;7000;66126414414,41
abracadabra;96;20;7000;67963259259,26
abracadabra;96;21;7000;67963259259,26
abracadabra;96;22;7000;69905066666,67
abracadabra;96;23;7000;68598429906,54
abracadabra;96;24;7000;69245584905,66
abracadabra;96;25;7000;68598429906,54
abracadabra;96;26;7000;67963259259,26
abracadabra;96;27;7000;67339743119,27
abracadabra;96;28;7000;67339743119,27
abracadabra;96;29;7000;67339743119,27
abracadabra;96;30;7000;66126414414,41
abracadabra;128;1;7000;67963259259,26
abracadabra;128;2;7000;68598429906,54
abracadabra;128;3;7000;67963259259,26
abracadabra;128;4;7000;67963259259,26
abracadabra;128;5;7000;67339743119,27
abracadabra;128;6;7000;66727563636,36
abracadabra;128;7;7000;67339743119,27
abracadabra;128;8;7000;67339743119,27
abracadabra;128;9;7000;67339743119,27
abracadabra;128;10;7000;68598429906,54
abracadabra;128;11;7000;69245584905,66
abracadabra;128;12;7000;68598429906,54
abracadabra;128;13;7000;67963259259,26
abracadabra;128;14;7000;67339743119,27
abracadabra;128;15;7000;66727563636,36
abracadabra;128;16;7000;66727563636,36
abracadabra;128;17;7000;66727563636,36
abracadabra;128;18;7000;66727563636,36
abracadabra;128;19;7000;69245584905,66
abracadabra;128;20;7000;69905066666,67
abracadabra;128;21;7000;69905066666,67
abracadabra;128;22;7000;69245584905,66
abracadabra;128;23;7000;68598429906,54
abracadabra;128;24;7000;68598429906,54
abracadabra;128;25;7000;67963259259,26
abracadabra;128;26;7000;67963259259,26
abracadabra;128;27;7000;68598429906,54
abracadabra;128;28;7000;69905066666,67
abracadabra;128;29;7000;69905066666,67
abracadabra;128;30;7000;69905066666,67
abracadabra;160;1;7000;62735316239,32
abracadabra;160;2;7000;62203661016,95
abracadabra;160;3;7000;61680941176,47
abracadabra;160;4;7000;62203661016,95
abracadabra;160;5;7000;62203661016,95
abracadabra;160;6;7000;63276137931,03
abracadabra;160;7;7000;64386245614,04
abracadabra;160;8;7000;64386245614,04
abracadabra;160;9;7000;63826365217,39
abracadabra;160;10;7000;63826365217,39
abracadabra;160;11;7000;63276137931,03
abracadabra;160;12;7000;63276137931,03
abracadabra;160;13;7000;62735316239,32
abracadabra;160;14;7000;63276137931,03
abracadabra;160;15;7000;63826365217,39
abracadabra;160;16;7000;64386245614,04
abracadabra;160;17;7000;63826365217,39
abracadabra;160;18;7000;64386245614,04
abracadabra;160;19;7000;63276137931,03
abracadabra;160;20;7000;62203661016,95
abracadabra;160;21;7000;62203661016,95
abracadabra;160;22;7000;61680941176,47
abracadabra;160;23;7000;62203661016,95
abracadabra;160;24;7000;62203661016,95
abracadabra;160;25;7000;62735316239,32
abracadabra;160;26;7000;62735316239,32
abracadabra;160;27;7000;62203661016,95
abracadabra;160;28;7000;62203661016,95
abracadabra;160;29;7000;61680941176,47
abracadabra;160;30;7000;62203661016,95
abracadabra;192;1;7000;64956035398,23
abracadabra;192;2;7000;64956035398,23
abracadabra;192;3;7000;64956035398,23
abracadabra;192;4;7000;65536000000,00
abracadabra;192;5;7000;64956035398,23
abracadabra;192;6;7000;65536000000,00
abracadabra;192;7;7000;64386245614,04
abracadabra;192;8;7000;64956035398,23
abracadabra;192;9;7000;64956035398,23
abracadabra;192;10;7000;64956035398,23
abracadabra;192;11;7000;64956035398,23
abracadabra;192;12;7000;64956035398,23
abracadabra;192;13;7000;64956035398,23
abracadabra;192;14;7000;64956035398,23
abracadabra;192;15;7000;64956035398,23
abracadabra;192;16;7000;64386245614,04
abracadabra;192;17;7000;64956035398,23
abracadabra;192;18;7000;64956035398,23
abracadabra;192;19;7000;65536000000,00
abracadabra;192;20;7000;64956035398,23
abracadabra;192;21;7000;65536000000,00
abracadabra;192;22;7000;64956035398,23
abracadabra;192;23;7000;64956035398,23
abracadabra;192;24;7000;64956035398,23
abracadabra;192;25;7000;64956035398,23
abracadabra;192;26;7000;64956035398,23
abracadabra;192;27;7000;64386245614,04
abracadabra;192;28;7000;64956035398,23
abracadabra;192;29;7000;64956035398,23
abracadabra;192;30;7000;65536000000,00
abracadabra;224;1;7000;57344000000,00
abracadabra;224;2;7000;57344000000,00
abracadabra;224;3;7000;57344000000,00
abracadabra;224;4;7000;57344000000,00
abracadabra;224;5;7000;57344000000,00
abracadabra;224;6;7000;57795527559,06
abracadabra;224;7;7000;57795527559,06
abracadabra;224;8;7000;57795527559,06
abracadabra;224;9;7000;57795527559,06
abracadabra;224;10;7000;57344000000,00
abracadabra;224;11;7000;57344000000,00
abracadabra;224;12;7000;58254222222,22
abracadabra;224;13;7000;57795527559,06
abracadabra;224;14;7000;57795527559,06
abracadabra;224;15;7000;58254222222,22
abracadabra;224;16;7000;59193806451,61
abracadabra;224;17;7000;59193806451,61
abracadabra;224;18;7000;58254222222,22
abracadabra;224;19;7000;58254222222,22
abracadabra;224;20;7000;57344000000,00
abracadabra;224;21;7000;54370607407,41
abracadabra;224;22;7000;54776358208,96
abracadabra;224;23;7000;58254222222,22
abracadabra;224;24;7000;58720256000,00
abracadabra;224;25;7000;59193806451,61
abracadabra;224;26;7000;58254222222,22
abracadabra;224;27;7000;57795527559,06
abracadabra;224;28;7000;56461784615,38
abracadabra;224;29;7000;55606303030,30
abracadabra;224;30;7000;56899472868,22
abracadabra;256;1;7000;63826365217,39
abracadabra;256;2;7000;63826365217,39
abracadabra;256;3;7000;64956035398,23
abracadabra;256;4;7000;65536000000,00
abracadabra;256;5;7000;64386245614,04
abracadabra;256;6;7000;62735316239,32
abracadabra;256;7;7000;61680941176,47
abracadabra;256;8;7000;63276137931,03
abracadabra;256;9;7000;63276137931,03
abracadabra;256;10;7000;63276137931,03
abracadabra;256;11;7000;64386245614,04
abracadabra;256;12;7000;64386245614,04
abracadabra;256;13;7000;64386245614,04
abracadabra;256;14;7000;63276137931,03
abracadabra;256;15;7000;63276137931,03
abracadabra;256;16;7000;62735316239,32
abracadabra;256;17;7000;63276137931,03
abracadabra;256;18;7000;63276137931,03
abracadabra;256;19;7000;63826365217,39
abracadabra;256;20;7000;64956035398,23
abracadabra;256;21;7000;63826365217,39
abracadabra;256;22;7000;63826365217,39
abracadabra;256;23;7000;62735316239,32
abracadabra;256;24;7000;63276137931,03
abracadabra;256;25;7000;62735316239,32
abracadabra;256;26;7000;63276137931,03
abracadabra;256;27;7000;63276137931,03
abracadabra;256;28;7000;64386245614,04
abracadabra;256;29;7000;63826365217,39
abracadabra;256;30;7000;63826365217,39
unevenstring;32;1;7000;39462537634,41
unevenstring;32;2;7000;39251508021,39
unevenstring;32;3;7000;39251508021,39
unevenstring;32;4;7000;39675848648,65
unevenstring;32;5;7000;39462537634,41
unevenstring;32;6;7000;39462537634,41
unevenstring;32;7;7000;39251508021,39
unevenstring;32;8;7000;39251508021,39
unevenstring;32;9;7000;39462537634,41
unevenstring;32;10;7000;39462537634,41
unevenstring;32;11;7000;39462537634,41
unevenstring;32;12;7000;39251508021,39
unevenstring;32;13;7000;39251508021,39
unevenstring;32;14;7000;39251508021,39
unevenstring;32;15;7000;39675848648,65
unevenstring;32;16;7000;39891478260,87
unevenstring;32;17;7000;39462537634,41
unevenstring;32;18;7000;39251508021,39
unevenstring;32;19;7000;39462537634,41
unevenstring;32;20;7000;39251508021,39
unevenstring;32;21;7000;39462537634,41
unevenstring;32;22;7000;39675848648,65
unevenstring;32;23;7000;39462537634,41
unevenstring;32;24;7000;39462537634,41
unevenstring;32;25;7000;39462537634,41
unevenstring;32;26;7000;39462537634,41
unevenstring;32;27;7000;39462537634,41
unevenstring;32;28;7000;39251508021,39
unevenstring;32;29;7000;39462537634,41
unevenstring;32;30;7000;39462537634,41
unevenstring;64;1;7000;69245584905,66
unevenstring;64;2;7000;68598429906,54
unevenstring;64;3;7000;69245584905,66
unevenstring;64;4;7000;69245584905,66
unevenstring;64;5;7000;70577230769,23
unevenstring;64;6;7000;70577230769,23
unevenstring;64;7;7000;69905066666,67
unevenstring;64;8;7000;69245584905,66
unevenstring;64;9;7000;70577230769,23
unevenstring;64;10;7000;69245584905,66
unevenstring;64;11;7000;69245584905,66
unevenstring;64;12;7000;69245584905,66
unevenstring;64;13;7000;67963259259,26
unevenstring;64;14;7000;69905066666,67
unevenstring;64;15;7000;69905066666,67
unevenstring;64;16;7000;69905066666,67
unevenstring;64;17;7000;69245584905,66
unevenstring;64;18;7000;69905066666,67
unevenstring;64;19;7000;69245584905,66
unevenstring;64;20;7000;69245584905,66
unevenstring;64;21;7000;68598429906,54
unevenstring;64;22;7000;68598429906,54
unevenstring;64;23;7000;69245584905,66
unevenstring;64;24;7000;69905066666,67
unevenstring;64;25;7000;69905066666,67
unevenstring;64;26;7000;69245584905,66
unevenstring;64;27;7000;69905066666,67
unevenstring;64;28;7000;69905066666,67
unevenstring;64;29;7000;69245584905,66
unevenstring;64;30;7000;68598429906,54
unevenstring;96;1;7000;69905066666,67
unevenstring;96;2;7000;69245584905,66
unevenstring;96;3;7000;69245584905,66
unevenstring;96;4;7000;69245584905,66
unevenstring;96;5;7000;69905066666,67
unevenstring;96;6;7000;69905066666,67
unevenstring;96;7;7000;68598429906,54
unevenstring;96;8;7000;69245584905,66
unevenstring;96;9;7000;67963259259,26
unevenstring;96;10;7000;69245584905,66
unevenstring;96;11;7000;69245584905,66
unevenstring;96;12;7000;69245584905,66
unevenstring;96;13;7000;69905066666,67
unevenstring;96;14;7000;69245584905,66
unevenstring;96;15;7000;69245584905,66
unevenstring;96;16;7000;69245584905,66
unevenstring;96;17;7000;69245584905,66
unevenstring;96;18;7000;68598429906,54
unevenstring;96;19;7000;68598429906,54
unevenstring;96;20;7000;68598429906,54
unevenstring;96;21;7000;69245584905,66
unevenstring;96;22;7000;69245584905,66
unevenstring;96;23;7000;69245584905,66
unevenstring;96;24;7000;69245584905,66
unevenstring;96;25;7000;69245584905,66
unevenstring;96;26;7000;69245584905,66
unevenstring;96;27;7000;69245584905,66
unevenstring;96;28;7000;68598429906,54
unevenstring;96;29;7000;69245584905,66
unevenstring;96;30;7000;69245584905,66
unevenstring;128;1;7000;68598429906,54
unevenstring;128;2;7000;68598429906,54
unevenstring;128;3;7000;70577230769,23
unevenstring;128;4;7000;69905066666,67
unevenstring;128;5;7000;69245584905,66
unevenstring;128;6;7000;68598429906,54
unevenstring;128;7;7000;69245584905,66
unevenstring;128;8;7000;68598429906,54
unevenstring;128;9;7000;68598429906,54
unevenstring;128;10;7000;67963259259,26
unevenstring;128;11;7000;66126414414,41
unevenstring;128;12;7000;69245584905,66
unevenstring;128;13;7000;71262446601,94
unevenstring;128;14;7000;70577230769,23
unevenstring;128;15;7000;70577230769,23
unevenstring;128;16;7000;70577230769,23
unevenstring;128;17;7000;70577230769,23
unevenstring;128;18;7000;69245584905,66
unevenstring;128;19;7000;67339743119,27
unevenstring;128;20;7000;67963259259,26
unevenstring;128;21;7000;68598429906,54
unevenstring;128;22;7000;69905066666,67
unevenstring;128;23;7000;69905066666,67
unevenstring;128;24;7000;71262446601,94
unevenstring;128;25;7000;71262446601,94
unevenstring;128;26;7000;69905066666,67
unevenstring;128;27;7000;68598429906,54
unevenstring;128;28;7000;67963259259,26
unevenstring;128;29;7000;67963259259,26
unevenstring;128;30;7000;67339743119,27
unevenstring;160;1;7000;60661421487,60
unevenstring;160;2;7000;63826365217,39
unevenstring;160;3;7000;65536000000,00
unevenstring;160;4;7000;64956035398,23
unevenstring;160;5;7000;64386245614,04
unevenstring;160;6;7000;63826365217,39
unevenstring;160;7;7000;63276137931,03
unevenstring;160;8;7000;61680941176,47
unevenstring;160;9;7000;61680941176,47
unevenstring;160;10;7000;63276137931,03
unevenstring;160;11;7000;64956035398,23
unevenstring;160;12;7000;64386245614,04
unevenstring;160;13;7000;64386245614,04
unevenstring;160;14;7000;63826365217,39
unevenstring;160;15;7000;63826365217,39
unevenstring;160;16;7000;62203661016,95
unevenstring;160;17;7000;62203661016,95
unevenstring;160;18;7000;62735316239,32
unevenstring;160;19;7000;63826365217,39
unevenstring;160;20;7000;64386245614,04
unevenstring;160;21;7000;64386245614,04
unevenstring;160;22;7000;63826365217,39
unevenstring;160;23;7000;63826365217,39
unevenstring;160;24;7000;64386245614,04
unevenstring;160;25;7000;63826365217,39
unevenstring;160;26;7000;63276137931,03
unevenstring;160;27;7000;63826365217,39
unevenstring;160;28;7000;63826365217,39
unevenstring;160;29;7000;64386245614,04
unevenstring;160;30;7000;63826365217,39
unevenstring;192;1;7000;64956035398,23
unevenstring;192;2;7000;65536000000,00
unevenstring;192;3;7000;66126414414,41
unevenstring;192;4;7000;66126414414,41
unevenstring;192;5;7000;66727563636,36
unevenstring;192;6;7000;66727563636,36
unevenstring;192;7;7000;67339743119,27
unevenstring;192;8;7000;67339743119,27
unevenstring;192;9;7000;66126414414,41
unevenstring;192;10;7000;65536000000,00
unevenstring;192;11;7000;66126414414,41
unevenstring;192;12;7000;66126414414,41
unevenstring;192;13;7000;66126414414,41
unevenstring;192;14;7000;66727563636,36
unevenstring;192;15;7000;66727563636,36
unevenstring;192;16;7000;66727563636,36
unevenstring;192;17;7000;66727563636,36
unevenstring;192;18;7000;66126414414,41
unevenstring;192;19;7000;66126414414,41
unevenstring;192;20;7000;66126414414,41
unevenstring;192;21;7000;66126414414,41
unevenstring;192;22;7000;66126414414,41
unevenstring;192;23;7000;66727563636,36
unevenstring;192;24;7000;66727563636,36
unevenstring;192;25;7000;66727563636,36
unevenstring;192;26;7000;66727563636,36
unevenstring;192;27;7000;66126414414,41
unevenstring;192;28;7000;66126414414,41
unevenstring;192;29;7000;66126414414,41
unevenstring;192;30;7000;66126414414,41
unevenstring;224;1;7000;58720256000,00
unevenstring;224;2;7000;59193806451,61
unevenstring;224;3;7000;59193806451,61
unevenstring;224;4;7000;58720256000,00
unevenstring;224;5;7000;58720256000,00
unevenstring;224;6;7000;58720256000,00
unevenstring;224;7;7000;59193806451,61
unevenstring;224;8;7000;59193806451,61
unevenstring;224;9;7000;58720256000,00
unevenstring;224;10;7000;51328895104,90
unevenstring;224;11;7000;56461784615,38
unevenstring;224;12;7000;60164196721,31
unevenstring;224;13;7000;59675056910,57
unevenstring;224;14;7000;59675056910,57
unevenstring;224;15;7000;59193806451,61
unevenstring;224;16;7000;58720256000,00
unevenstring;224;17;7000;58720256000,00
unevenstring;224;18;7000;56899472868,22
unevenstring;224;19;7000;59193806451,61
unevenstring;224;20;7000;60164196721,31
unevenstring;224;21;7000;59675056910,57
unevenstring;224;22;7000;59193806451,61
unevenstring;224;23;7000;59193806451,61
unevenstring;224;24;7000;58254222222,22
unevenstring;224;25;7000;58254222222,22
unevenstring;224;26;7000;58254222222,22
unevenstring;224;27;7000;59193806451,61
unevenstring;224;28;7000;59675056910,57
unevenstring;224;29;7000;59675056910,57
unevenstring;224;30;7000;59675056910,57
unevenstring;256;1;7000;66126414414,41
unevenstring;256;2;7000;64956035398,23
unevenstring;256;3;7000;64386245614,04
unevenstring;256;4;7000;64956035398,23
unevenstring;256;5;7000;64386245614,04
unevenstring;256;6;7000;65536000000,00
unevenstring;256;7;7000;66126414414,41
unevenstring;256;8;7000;66126414414,41
unevenstring;256;9;7000;66126414414,41
unevenstring;256;10;7000;65536000000,00
unevenstring;256;11;7000;64956035398,23
unevenstring;256;12;7000;65536000000,00
unevenstring;256;13;7000;64956035398,23
unevenstring;256;14;7000;64956035398,23
unevenstring;256;15;7000;65536000000,00
unevenstring;256;16;7000;65536000000,00
unevenstring;256;17;7000;65536000000,00
unevenstring;256;18;7000;65536000000,00
unevenstring;256;19;7000;65536000000,00
unevenstring;256;20;7000;64956035398,23
unevenstring;256;21;7000;64956035398,23
unevenstring;256;22;7000;64956035398,23
unevenstring;256;23;7000;65536000000,00
unevenstring;256;24;7000;65536000000,00
unevenstring;256;25;7000;65536000000,00
unevenstring;256;26;7000;66126414414,41
unevenstring;256;27;7000;65536000000,00
unevenstring;256;28;7000;64956035398,23
unevenstring;256;29;7000;65536000000,00
unevenstring;256;30;7000;64956035398,23
------------;32;1;7000;42674604651,16
------------;32;2;7000;42674604651,16
------------;32;3;7000;42924163742,69
------------;32;4;7000;42674604651,16
------------;32;5;7000;42427930635,84
------------;32;6;7000;42427930635,84
------------;32;7;7000;42674604651,16
------------;32;8;7000;42924163742,69
------------;32;9;7000;42924163742,69
------------;32;10;7000;42674604651,16
------------;32;11;7000;42674604651,16
------------;32;12;7000;42427930635,84
------------;32;13;7000;42674604651,16
------------;32;14;7000;42674604651,16
------------;32;15;7000;42924163742,69
------------;32;16;7000;42674604651,16
------------;32;17;7000;42674604651,16
------------;32;18;7000;42427930635,84
------------;32;19;7000;42674604651,16
------------;32;20;7000;42674604651,16
------------;32;21;7000;42924163742,69
------------;32;22;7000;42427930635,84
------------;32;23;7000;42674604651,16
------------;32;24;7000;42674604651,16
------------;32;25;7000;42674604651,16
------------;32;26;7000;42924163742,69
------------;32;27;7000;42674604651,16
------------;32;28;7000;42674604651,16
------------;32;29;7000;42674604651,16
------------;32;30;7000;42674604651,16
------------;64;1;7000;78925075268,82
------------;64;2;7000;78085446808,51
------------;64;3;7000;78085446808,51
------------;64;4;7000;78925075268,82
------------;64;5;7000;78925075268,82
------------;64;6;7000;78925075268,82
------------;64;7;7000;78925075268,82
------------;64;8;7000;78085446808,51
------------;64;9;7000;78925075268,82
------------;64;10;7000;78925075268,82
------------;64;11;7000;78925075268,82
------------;64;12;7000;79782956521,74
------------;64;13;7000;78925075268,82
------------;64;14;7000;78925075268,82
------------;64;15;7000;79782956521,74
------------;64;16;7000;78925075268,82
------------;64;17;7000;78925075268,82
------------;64;18;7000;78925075268,82
------------;64;19;7000;77263494736,84
------------;64;20;7000;78085446808,51
------------;64;21;7000;77263494736,84
------------;64;22;7000;78085446808,51
------------;64;23;7000;78085446808,51
------------;64;24;7000;78925075268,82
------------;64;25;7000;78925075268,82
------------;64;26;7000;78925075268,82
------------;64;27;7000;78085446808,51
------------;64;28;7000;78085446808,51
------------;64;29;7000;78085446808,51
------------;64;30;7000;78085446808,51
------------;96;1;7000;79782956521,74
------------;96;2;7000;79782956521,74
------------;96;3;7000;79782956521,74
------------;96;4;7000;79782956521,74
------------;96;5;7000;80659692307,69
------------;96;6;7000;80659692307,69
------------;96;7;7000;79782956521,74
------------;96;8;7000;79782956521,74
------------;96;9;7000;79782956521,74
------------;96;10;7000;80659692307,69
------------;96;11;7000;79782956521,74
------------;96;12;7000;79782956521,74
------------;96;13;7000;79782956521,74
------------;96;14;7000;79782956521,74
------------;96;15;7000;80659692307,69
------------;96;16;7000;81555911111,11
------------;96;17;7000;81555911111,11
------------;96;18;7000;81555911111,11
------------;96;19;7000;80659692307,69
------------;96;20;7000;79782956521,74
------------;96;21;7000;79782956521,74
------------;96;22;7000;79782956521,74
------------;96;23;7000;80659692307,69
------------;96;24;7000;78925075268,82
------------;96;25;7000;79782956521,74
------------;96;26;7000;80659692307,69
------------;96;27;7000;80659692307,69
------------;96;28;7000;80659692307,69
------------;96;29;7000;80659692307,69
------------;96;30;7000;80659692307,69
------------;128;1;7000;80659692307,69
------------;128;2;7000;80659692307,69
------------;128;3;7000;80659692307,69
------------;128;4;7000;79782956521,74
------------;128;5;7000;79782956521,74
------------;128;6;7000;78925075268,82
------------;128;7;7000;83409454545,45
------------;128;8;7000;84368183908,05
------------;128;9;7000;84368183908,05
------------;128;10;7000;83409454545,45
------------;128;11;7000;83409454545,45
------------;128;12;7000;83409454545,45
------------;128;13;7000;81555911111,11
------------;128;14;7000;78085446808,51
------------;128;15;7000;72673584158,42
------------;128;16;7000;78085446808,51
------------;128;17;7000;81555911111,11
------------;128;18;7000;78925075268,82
------------;128;19;7000;81555911111,11
------------;128;20;7000;83409454545,45
------------;128;21;7000;83409454545,45
------------;128;22;7000;83409454545,45
------------;128;23;7000;82472269662,92
------------;128;24;7000;79782956521,74
------------;128;25;7000;77263494736,84
------------;128;26;7000;78925075268,82
------------;128;27;7000;80659692307,69
------------;128;28;7000;82472269662,92
------------;128;29;7000;81555911111,11
------------;128;30;7000;82472269662,92
------------;160;1;7000;77263494736,84
------------;160;2;7000;78085446808,51
------------;160;3;7000;77263494736,84
------------;160;4;7000;75670432989,69
------------;160;5;7000;73400320000,00
------------;160;6;7000;74141737373,74
------------;160;7;7000;74898285714,29
------------;160;8;7000;77263494736,84
------------;160;9;7000;78085446808,51
------------;160;10;7000;78925075268,82
------------;160;11;7000;79782956521,74
------------;160;12;7000;79782956521,74
------------;160;13;7000;79782956521,74
------------;160;14;7000;78085446808,51
------------;160;15;7000;74141737373,74
------------;160;16;7000;74898285714,29
------------;160;17;7000;74898285714,29
------------;160;18;7000;74898285714,29
------------;160;19;7000;76458666666,67
------------;160;20;7000;75670432989,69
------------;160;21;7000;76458666666,67
------------;160;22;7000;76458666666,67
------------;160;23;7000;76458666666,67
------------;160;24;7000;75670432989,69
------------;160;25;7000;74898285714,29
------------;160;26;7000;74141737373,74
------------;160;27;7000;74141737373,74
------------;160;28;7000;74898285714,29
------------;160;29;7000;75670432989,69
------------;160;30;7000;76458666666,67
------------;192;1;7000;81555911111,11
------------;192;2;7000;82472269662,92
------------;192;3;7000;83409454545,45
------------;192;4;7000;82472269662,92
------------;192;5;7000;81555911111,11
------------;192;6;7000;80659692307,69
------------;192;7;7000;79782956521,74
------------;192;8;7000;78925075268,82
------------;192;9;7000;78925075268,82
------------;192;10;7000;80659692307,69
------------;192;11;7000;74141737373,74
------------;192;12;7000;78925075268,82
------------;192;13;7000;82472269662,92
------------;192;14;7000;84368183908,05
------------;192;15;7000;84368183908,05
------------;192;16;7000;84368183908,05
------------;192;17;7000;82472269662,92
------------;192;18;7000;82472269662,92
------------;192;19;7000;82472269662,92
------------;192;20;7000;79782956521,74
------------;192;21;7000;78085446808,51
------------;192;22;7000;78085446808,51
------------;192;23;7000;79782956521,74
------------;192;24;7000;83409454545,45
------------;192;25;7000;85349209302,33
------------;192;26;7000;84368183908,05
------------;192;27;7000;83409454545,45
------------;192;28;7000;83409454545,45
------------;192;29;7000;82472269662,92
------------;192;30;7000;82472269662,92
------------;224;1;7000;70577230769,23
------------;224;2;7000;70577230769,23
------------;224;3;7000;70577230769,23
------------;224;4;7000;71961098039,22
------------;224;5;7000;71961098039,22
------------;224;6;7000;71961098039,22
------------;224;7;7000;71961098039,22
------------;224;8;7000;71262446601,94
------------;224;9;7000;71262446601,94
------------;224;10;7000;70577230769,23
------------;224;11;7000;70577230769,23
------------;224;12;7000;71961098039,22
------------;224;13;7000;74141737373,74
------------;224;14;7000;74898285714,29
------------;224;15;7000;74898285714,29
------------;224;16;7000;74898285714,29
------------;224;17;7000;74898285714,29
------------;224;18;7000;74141737373,74
------------;224;19;7000;74141737373,74
------------;224;20;7000;73400320000,00
------------;224;21;7000;73400320000,00
------------;224;22;7000;73400320000,00
------------;224;23;7000;74141737373,74
------------;224;24;7000;74141737373,74
------------;224;25;7000;74898285714,29
------------;224;26;7000;74898285714,29
------------;224;27;7000;74898285714,29
------------;224;28;7000;72673584158,42
------------;224;29;7000;71262446601,94
------------;224;30;7000;71262446601,94
------------;256;1;7000;78925075268,82
------------;256;2;7000;78925075268,82
------------;256;3;7000;79782956521,74
------------;256;4;7000;80659692307,69
------------;256;5;7000;79782956521,74
------------;256;6;7000;79782956521,74
------------;256;7;7000;79782956521,74
------------;256;8;7000;79782956521,74
------------;256;9;7000;79782956521,74
------------;256;10;7000;80659692307,69
------------;256;11;7000;80659692307,69
------------;256;12;7000;80659692307,69
------------;256;13;7000;79782956521,74
------------;256;14;7000;79782956521,74
------------;256;15;7000;79782956521,74
------------;256;16;7000;79782956521,74
------------;256;17;7000;79782956521,74
------------;256;18;7000;80659692307,69
------------;256;19;7000;78925075268,82
------------;256;20;7000;79782956521,74
------------;256;21;7000;79782956521,74
------------;256;22;7000;79782956521,74
------------;256;23;7000;79782956521,74
------------;256;24;7000;80659692307,69
------------;256;25;7000;81555911111,11
------------;256;26;7000;81555911111,11
------------;256;27;7000;81555911111,11
------------;256;28;7000;79782956521,74
------------;256;29;7000;79782956521,74
------------;256;30;7000;78925075268,82
